customer_id,order_date,acq_channel,region,order_value,margin,margin_rate
1,2025-04-25,Paid Social,Midwest,13.744153054898321,6.2294261475119255,0.45324190749547866
3,2025-05-26,Email,West,37.595113204168676,19.58770803099205,0.5210173972509836
4,2025-03-08,Email,Northeast,65.90428476236008,34.496528745058995,0.5234337777801209
5,2025-02-07,Paid Search,Northeast,32.42781320212185,14.533524675104417,0.44818084354061366
5,2025-05-24,Paid Search,Northeast,102.18840253490015,50.20603672714141,0.4913085583268088
11,2025-03-21,Paid Search,Northeast,54.776689418585725,25.54683682321425,0.46638154102365686
11,2025-05-10,Paid Search,Northeast,146.8541920787225,75.46036282944512,0.5138454800731458
21,2025-06-11,Email,South,35.84381424148883,15.098066650806278,0.4212181926032422
21,2025-04-06,Email,South,27.555403556887278,13.969134233230248,0.5069471838578377
27,2025-06-11,Paid Search,South,77.07270904221737,32.01728030407689,0.4154165683541641
30,2025-06-12,Paid Search,South,43.00497047022804,18.406593271831742,0.42801083387731803
30,2025-01-21,Paid Search,South,43.106176359488146,22.479191960889686,0.521484247951437
42,2025-03-23,Paid Social,South,63.27655905420977,29.96924142864764,0.47362312168353904
42,2025-05-26,Paid Social,South,90.35253049986625,43.375926727231416,0.4800742877621521
44,2025-04-20,Organic,Midwest,36.97337292469646,14.477900606485928,0.39157640921679004
48,2025-05-15,Paid Social,Midwest,41.86029854280973,16.070275062329795,0.383902543024031
54,2025-02-08,Organic,Midwest,58.661420571029744,32.22551673451307,0.5493477045189017
57,2025-03-08,Paid Search,West,56.288858687371146,25.23548598330834,0.44832115221000424
57,2025-01-24,Paid Search,West,114.68798797645944,42.09931870488873,0.36707696636486403
60,2025-02-13,Paid Social,West,43.37354339799313,18.136991765830075,0.41815794479611884
60,2025-05-04,Paid Social,West,49.767291304782646,22.013376404307557,0.4423261911019873
60,2025-01-28,Paid Social,West,122.90889990412624,51.38469551764659,0.4180713972521816
68,2025-01-23,Organic,West,14.907139451304554,7.099229594284206,0.4762301726279845
72,2025-05-07,Paid Search,Midwest,29.880970204818635,15.116598525579175,0.5058938321601572
74,2025-06-25,Organic,Midwest,24.612927365734517,11.72853655046893,0.47651936627404573
79,2025-02-13,Paid Social,West,16.270323260400982,6.8569417613069605,0.4214385695701274
81,2025-02-25,Organic,Midwest,24.12600445574951,10.938832876836981,0.4534042467288913
81,2025-01-28,Organic,Midwest,62.109789864232006,31.130411375054695,0.5012158541045424
83,2025-03-23,Paid Social,Midwest,16.911309400015952,7.677195841385504,0.45396814993984214
83,2025-02-24,Paid Social,Midwest,54.78521940546605,24.272923540063566,0.4430560615340312
84,2025-04-20,Paid Search,Midwest,21.778401275711932,9.138654739714411,0.4196200916688119
84,2025-03-03,Paid Search,Midwest,25.038822764834478,10.931674638586866,0.43658900185753724
86,2025-02-02,Paid Social,Northeast,95.506400151621,34.95214962637083,0.36596656947474326
90,2025-01-11,Paid Social,Northeast,13.339461869026927,5.577439307970525,0.4181157652934152
90,2025-06-04,Paid Social,Northeast,30.046766626067534,13.738895859142689,0.4572503933658971
93,2025-01-29,Organic,South,123.65673512995939,50.35489630012858,0.40721515287628407
108,2025-04-24,Organic,Northeast,119.90294960444328,54.3250543547456,0.4530752123610182
108,2025-01-04,Organic,Northeast,44.69248808937923,19.625394804255254,0.43912065859942695
108,2025-06-06,Organic,Northeast,120.57943921363469,44.998908058773694,0.3731888981424735
112,2025-05-27,Paid Search,South,20.9624058163792,10.38777260578819,0.49554295898954465
112,2025-02-10,Paid Search,South,87.89174370210013,44.86014643699819,0.510402280662982
112,2025-05-24,Paid Search,South,28.728261350351683,11.7689674285353,0.40966514767491236
113,2025-04-03,Organic,Northeast,32.8427449306008,13.51123975363789,0.41139191569365346
113,2025-04-19,Organic,Northeast,69.88215027374281,32.89407514264521,0.4707078275896252
114,2025-03-27,Organic,Northeast,37.46375457430566,18.477718473998728,0.49321587448876747
114,2025-02-04,Organic,Northeast,54.642539242748484,26.81588778585492,0.4907511282871725
114,2025-03-24,Organic,Northeast,80.67396107871532,36.654910525921075,0.454358631159267
119,2025-01-24,Organic,Northeast,98.64780191388051,47.20943798766981,0.47856553386646794
124,2025-03-30,Paid Search,West,50.72397289009023,23.1985403613518,0.45734864679505455
124,2025-05-06,Paid Search,West,63.031855790856866,26.02438536922437,0.4128767119847256
131,2025-05-16,Paid Social,South,34.796683812741115,16.207891663925682,0.46578839958280793
133,2025-04-18,Paid Search,Midwest,26.43104947055842,10.89250345234915,0.41211013828574317
133,2025-03-10,Paid Search,Midwest,29.23056114161598,13.036418183980274,0.44598590224873014
135,2025-01-14,Organic,Midwest,36.78127559658075,17.3818172259985,0.47257244193059866
135,2025-03-22,Organic,Midwest,62.43806665308211,28.33570166995201,0.45382093310785243
135,2025-03-06,Organic,Midwest,31.353923059944147,15.252321181452523,0.48645654811017747
138,2025-01-31,Email,South,51.36654697926424,25.203161040613775,0.4906532076370218
141,2025-05-30,Organic,South,19.46201843143289,10.893955731685908,0.5597546713906714
158,2025-06-11,Organic,West,43.868019919355376,21.525553089056036,0.49068896040047993
160,2025-05-29,Email,Midwest,38.98769110277999,22.771672033977858,0.5840733675135263
160,2025-06-20,Email,Midwest,14.790664368889281,7.661665629880065,0.5180068615440717
161,2025-03-25,Paid Social,South,24.705836677196466,10.975579368485688,0.44425046242680655
162,2025-04-04,Email,Northeast,140.6440171782103,71.99263674049082,0.5118784160528408
164,2025-04-14,Paid Social,South,50.636000969829546,22.79309435623097,0.4501361466086507
165,2025-05-29,Paid Search,Midwest,85.81043331024401,40.860958328862495,0.47617704226164925
173,2025-06-20,Paid Social,South,134.23791111324186,49.72942120863781,0.3704573528910661
174,2025-02-17,Paid Search,South,41.79073409893768,19.164881185448632,0.45859163756436144
174,2025-05-16,Paid Search,South,22.344934197057132,10.293145181712026,0.4606478180216638
174,2025-05-22,Paid Search,South,94.34526483419201,34.57084024102639,0.3664289914473529
175,2025-05-11,Email,West,145.16432328271654,67.35192056993093,0.4639702031935139
175,2025-06-01,Email,West,51.1280165885565,25.19270384172756,0.49273774972460416
175,2025-02-07,Email,West,42.194718377506376,21.038341078646283,0.49860129152708443
175,2025-05-10,Email,West,38.849079629388086,18.644738158112244,0.4799274097605158
179,2025-04-06,Organic,South,43.358291534001836,22.02848935530851,0.5080571345398522
179,2025-03-21,Organic,South,31.416543770780628,13.68112159601477,0.4354750699451248
184,2025-05-19,Organic,South,34.32039484817871,17.080762332569112,0.4976854843345586
184,2025-05-10,Organic,South,127.15611826417826,64.76157122726548,0.5093075513104096
184,2025-02-15,Organic,South,104.47551290480912,55.74787023979752,0.5335974783927707
190,2025-02-01,Paid Search,Midwest,50.17907278473893,18.74571805351873,0.3735764136961077
190,2025-04-06,Paid Search,Midwest,81.93200096133549,32.89827278421147,0.4015314211566307
190,2025-01-11,Paid Search,Midwest,61.545203261250215,26.761563954047787,0.4348277775677974
197,2025-06-25,Email,Northeast,94.96234171435259,45.21898882944759,0.47617811453582976
199,2025-04-26,Organic,South,59.70294579335672,27.729058501294876,0.4644504242264768
199,2025-01-30,Organic,South,125.52117431784039,59.31326285714082,0.47253591419524027
200,2025-06-01,Organic,Midwest,22.525095309768265,12.592763525491216,0.5590548387171628
201,2025-03-11,Email,West,147.34108614183174,68.53298181049026,0.4651315095133739
204,2025-05-08,Organic,West,14.587559461489896,6.5789121544733415,0.45099471037915523
204,2025-01-19,Organic,West,9.337564082073973,4.721313055071855,0.5056257728003941
210,2025-06-14,Paid Search,Northeast,109.24301569450245,51.64448914786128,0.4727486587543943
210,2025-02-25,Paid Search,Northeast,11.810868425126813,5.086351367818272,0.430650074553147
212,2025-06-26,Email,Midwest,53.28796238312986,22.391205606263227,0.4201925651664987
212,2025-02-21,Email,Midwest,35.17315268107998,17.42358610520127,0.4953660612451611
214,2025-04-27,Paid Search,Northeast,20.365347839919412,9.134460711918406,0.4485295701168123
214,2025-04-30,Paid Search,Northeast,47.26586557878704,22.14655405527023,0.46855280833383534
214,2025-03-07,Paid Search,Northeast,29.326827708388976,14.991572869473565,0.5111897208433903
216,2025-06-23,Paid Search,West,49.9150763679098,22.206133367297042,0.44487828093504184
216,2025-03-17,Paid Search,West,50.586121251145926,23.543783774344277,0.465419826466947
216,2025-03-24,Paid Search,West,32.39406869157797,14.393307837870992,0.44431923556465946
218,2025-01-22,Email,South,79.5384242508891,34.44020676457309,0.4330008683091067
226,2025-05-10,Paid Search,Midwest,29.793992174951367,13.147189295275478,0.44126981097647877
228,2025-03-14,Paid Social,Midwest,57.670601354057546,22.473015050629645,0.38967887490301856
228,2025-06-21,Paid Social,Midwest,21.51609186020063,9.457734265499449,0.43956562032503144
228,2025-02-12,Paid Social,Midwest,78.33419806202939,32.584468501081375,0.4159673464108125
228,2025-03-29,Paid Social,Midwest,136.42247886698138,59.7939899358205,0.43830012789990846
228,2025-04-07,Paid Social,Midwest,12.234660717615634,5.932031725826596,0.4848546161386866
231,2025-03-07,Organic,Midwest,65.58918794138559,34.876726143577855,0.5317450518635142
233,2025-01-08,Email,South,66.24520541445588,31.775983259692048,0.4796721975709651
233,2025-02-01,Email,South,60.91543798354609,29.49615453925188,0.48421476584013246
234,2025-05-27,Paid Social,West,19.442574189213538,8.283807891711081,0.42606538676894024
238,2025-05-19,Paid Search,West,17.721232987113673,7.9521644013893376,0.44873651890768
242,2025-01-11,Organic,South,47.5610509181759,20.395488896420243,0.428827549069693
242,2025-01-30,Organic,South,25.47295160296024,13.962713650532491,0.548138820666148
245,2025-01-06,Paid Search,South,51.35167362633329,25.157617831481957,0.4899084305322633
245,2025-02-23,Paid Search,South,49.98742083441118,23.240897869851157,0.46493492726578517
245,2025-01-17,Paid Search,South,45.112304381695125,19.705296532983198,0.4368053639259196
247,2025-05-29,Paid Social,South,64.20509680627634,26.562600432894115,0.4137148256787224
247,2025-01-06,Paid Social,South,63.2484791012062,25.132528178710892,0.3973617790634209
249,2025-04-28,Organic,Midwest,201.2747583350395,103.90064528474055,0.5162129923504307
249,2025-03-29,Organic,Midwest,43.08260814458107,22.22362469704265,0.5158374957816461
249,2025-01-04,Organic,Midwest,78.44167261474873,36.638730958090875,0.467082479717573
252,2025-03-06,Paid Social,Northeast,46.291032718873986,20.41049885849782,0.4409169046292623
252,2025-06-08,Paid Social,Northeast,51.210312457742575,24.553848654045655,0.4794707838251691
254,2025-01-07,Paid Social,South,120.10401447536438,50.736998767392876,0.4224421555684136
254,2025-01-20,Paid Social,South,43.98932313085164,22.017602139492713,0.5005215032292871
254,2025-06-08,Paid Social,South,51.99287263689815,24.099841242356025,0.46352201792468223
264,2025-02-20,Paid Social,South,28.325567006551502,14.122095923120565,0.49856357402675205
272,2025-01-29,Organic,West,74.39426877684393,36.790132894939234,0.49452912838348356
273,2025-06-01,Organic,Northeast,69.22146420009948,33.21429302165436,0.47982650187290654
273,2025-03-15,Organic,Northeast,22.245525859514327,10.35885199277682,0.46566001892674425
280,2025-06-14,Organic,South,24.94351131459111,10.385426492336194,0.4163578399750428
281,2025-06-07,Organic,Northeast,254.14319607157552,135.216294677097,0.5320476674851269
281,2025-04-16,Organic,Northeast,35.79780897835027,18.45152902560424,0.5154373843595658
287,2025-02-25,Paid Social,West,21.630793239220488,10.660369373531195,0.4928330300065946
287,2025-06-26,Paid Social,West,139.702336302109,65.55232781336395,0.46922857232398585
291,2025-02-03,Paid Search,South,51.57023843401193,25.483859912304382,0.4941582720218161
291,2025-03-09,Paid Search,South,97.5685327880152,42.87178684319119,0.4394017786076345
297,2025-05-25,Organic,Northeast,101.48704934246729,52.5737866019281,0.5180344383106287
300,2025-02-14,Paid Search,Midwest,43.34696918224297,20.140832300833765,0.46464222714524706
300,2025-06-09,Paid Search,Midwest,17.102061047028748,8.044185062993613,0.47036348665070293
307,2025-02-26,Paid Social,South,30.345291416104175,12.073705565470313,0.3978773971853447
307,2025-04-27,Paid Social,South,26.711959577484205,13.270964579977589,0.4968173353767661
312,2025-06-06,Paid Search,West,34.1055766589193,14.238100945437674,0.4174713445788967
317,2025-04-28,Paid Social,Midwest,44.10091974035861,21.21482961922808,0.4810518634107645
320,2025-02-26,Paid Search,South,23.180143444260633,10.713379403593184,0.4621791676723122
320,2025-01-20,Paid Search,South,38.692639005250264,13.673820968509741,0.353395925427943
325,2025-06-21,Organic,West,52.741389453278984,24.768482961145907,0.4696213584415916
326,2025-05-27,Email,West,37.76262942971456,15.265280257754133,0.40424304367275415
332,2025-01-14,Organic,Northeast,50.16524964562799,22.527875068625253,0.4490733172418012
332,2025-04-26,Organic,Northeast,20.0652565414897,9.730733068913306,0.48495433132353416
333,2025-03-14,Paid Search,South,54.66862563289579,26.323798073163008,0.48151563659070973
333,2025-06-12,Paid Search,South,17.3627731970472,7.899183091745306,0.4549493909814292
333,2025-02-13,Paid Search,South,87.80688208735022,35.36453996667384,0.4027536239299924
333,2025-06-13,Paid Search,South,80.33840694670657,35.77259840713598,0.445273932689083
333,2025-03-30,Paid Search,South,34.494536374051776,16.57570992340585,0.4805314599292538
339,2025-03-10,Paid Social,South,6.365501789428477,2.7324009504762916,0.4292514621571756
339,2025-03-31,Paid Social,South,75.50246519693333,33.705871478778306,0.44642080746454005
341,2025-04-15,Paid Social,South,42.99540719259089,20.76899968379865,0.48305158713272134
352,2025-04-25,Organic,Midwest,78.69399093357495,30.01491278608489,0.3814130206132291
354,2025-04-18,Paid Search,West,49.9814522299113,22.333680945847085,0.4468393763973416
354,2025-06-17,Paid Search,West,80.2351655710207,40.35128163436502,0.502912673603793
354,2025-03-06,Paid Search,West,46.92089507601623,19.110796759078063,0.40729821390058285
354,2025-01-11,Paid Search,West,64.51959824608079,30.176699374907635,0.46771369002969115
354,2025-05-23,Paid Search,West,118.91721888724379,52.357327787169716,0.44028382329403826
362,2025-03-03,Email,Midwest,30.24416645292646,13.302195518950667,0.4398268188232224
362,2025-06-30,Email,Midwest,23.515709079533018,13.03677753617846,0.5543858997441445
376,2025-01-23,Paid Social,South,55.230617072515884,29.97568402794125,0.5427367213475854
376,2025-04-13,Paid Social,South,30.39641020807583,13.516114485586709,0.4446615371046577
377,2025-04-11,Organic,South,21.867413056750408,10.184994521102107,0.4657612903122086
380,2025-03-30,Paid Search,South,34.5385827038981,16.92978163575996,0.4901701317885643
383,2025-01-20,Email,Midwest,41.93423511745509,20.815936236292252,0.49639479957099863
383,2025-05-01,Email,Midwest,38.663548430439334,17.994505512415245,0.46541267532103686
388,2025-01-16,Paid Search,Northeast,40.97744425936064,16.131873464054085,0.39367690581066483
391,2025-01-20,Organic,Northeast,31.8726675229452,15.391500661654238,0.4829059459982088
391,2025-02-01,Organic,Northeast,42.739397689269914,22.436988108251526,0.524972023971328
403,2025-02-23,Paid Social,Northeast,45.414046975852145,20.918291901132672,0.4606128124246554
407,2025-05-05,Paid Social,West,104.28903452021213,54.0479509333122,0.518251522626161
407,2025-02-05,Paid Social,West,29.6961918728569,14.921879026467877,0.5024845977004502
407,2025-03-29,Paid Social,West,161.74409043988206,71.5082482340681,0.4421073316471286
412,2025-02-12,Organic,Northeast,61.04893956049642,30.143144008234025,0.49375376911115204
413,2025-02-01,Organic,Midwest,70.54779283490626,30.139701160951216,0.4272238712199431
419,2025-05-08,Email,South,122.89665776375244,64.93161790093973,0.5283432363617204
430,2025-06-17,Paid Search,West,18.668198138463886,7.431849432603507,0.3981021294867742
430,2025-03-23,Paid Search,West,36.952587831885054,17.8760280939254,0.48375578390482354
431,2025-02-12,Paid Search,Midwest,59.25801785980917,24.985746847083952,0.4216433108882325
436,2025-03-13,Email,South,57.11840964093661,30.86330032611311,0.5403389296048163
442,2025-05-26,Organic,West,35.927908610012516,15.493097231389228,0.43122736142430396
442,2025-01-15,Organic,West,53.51906425716155,30.751328242098253,0.5745864332443615
448,2025-05-24,Organic,West,26.732309113063494,13.087526583994855,0.4895771079348797
448,2025-04-20,Organic,West,17.135262632897945,8.216164660215089,0.4794886916084319
448,2025-05-10,Organic,West,47.283896340881284,24.493608565664815,0.5180116373888553
455,2025-03-26,Paid Search,West,114.34577342625713,54.860272867758916,0.47977525730882326
455,2025-01-04,Paid Search,West,17.188429952799968,7.6898310735594215,0.447384147049845
464,2025-01-22,Email,Northeast,70.20180916685217,33.78368034070924,0.4812366054614613
467,2025-05-18,Paid Search,Northeast,77.36045653074353,30.738773362327915,0.39734477717452626
469,2025-01-24,Paid Search,West,61.10968563811612,23.94156684773811,0.3917802325071194
471,2025-06-20,Paid Search,West,83.01791670917824,39.53286677655279,0.4761968059863653
471,2025-03-27,Paid Search,West,48.04842722615593,21.961642856440236,0.45707308489142523
471,2025-04-13,Paid Search,West,63.07933707485158,28.034766346146945,0.44443660390533535
471,2025-06-16,Paid Search,West,88.62922734690038,35.30306661621603,0.398323077758961
471,2025-06-11,Paid Search,West,72.27820918216553,34.089361186497506,0.4716409215477487
478,2025-05-19,Email,South,172.30506785450802,79.92193685983507,0.4638397341122899
485,2025-01-05,Email,Northeast,29.542315475610284,16.614096043882924,0.5623830013459604
485,2025-06-29,Email,Northeast,60.44150167283454,29.023593220967683,0.4801931192588544
486,2025-01-31,Organic,Midwest,70.71101999457933,33.08965612927494,0.46795614222240856
488,2025-01-29,Paid Search,South,23.589801801270998,10.346846858476354,0.4386152518635776
495,2025-01-13,Paid Social,Midwest,41.67034104596268,18.562396990142457,0.4454582449821565
504,2025-01-07,Organic,Northeast,48.10542866913652,26.98387992522171,0.5609321166393436
509,2025-01-25,Organic,Midwest,25.72271113835953,12.514253598334717,0.4865060114006636
509,2025-06-09,Organic,Midwest,35.39233350077181,18.364003112952286,0.5188695205008682
509,2025-06-25,Organic,Midwest,62.07655319098365,31.374634790874083,0.5054184418768778
509,2025-03-21,Organic,Midwest,46.571488447640384,23.999265174693303,0.5153209823146475
513,2025-01-24,Organic,Northeast,52.24886111286778,23.278209832293214,0.4455256887228167
513,2025-06-20,Organic,Northeast,24.722373290350575,11.644232971081278,0.4709998038750655
513,2025-01-27,Organic,Northeast,26.753579087839302,14.278171398058934,0.5336920099991033
516,2025-01-11,Paid Search,South,198.1292152969678,90.86088505862939,0.4585940792348151
516,2025-05-10,Paid Search,South,22.64374234218106,11.241277896003178,0.4964408146908993
516,2025-05-18,Paid Search,South,30.76203893094098,13.04687641624509,0.42412261571915244
518,2025-02-26,Organic,West,60.081739803475486,26.442807190382506,0.440113872815196
518,2025-03-12,Organic,West,20.08294422344383,11.200986259808106,0.5577362629296472
520,2025-06-12,Paid Search,Northeast,65.62842019071728,28.585512379328648,0.4355660595860555
526,2025-01-01,Paid Social,South,53.30587588993938,23.19226880036516,0.4350790304665517
526,2025-06-19,Paid Social,South,120.90777327952881,49.72014096268482,0.4112236923571155
534,2025-02-23,Email,South,63.02861924807475,33.26476281469925,0.5277723550276782
536,2025-06-08,Organic,Midwest,57.69856107093451,26.758857336393273,0.46376992492925395
545,2025-06-18,Email,South,29.716045951020526,15.534292948191501,0.5227577374794715
545,2025-04-14,Email,South,49.78903952269211,22.519955760953618,0.45230749532113
545,2025-01-11,Email,South,49.52207090600222,25.435982799872296,0.5136292229812501
548,2025-06-06,Email,Midwest,47.14870473428919,24.551710754649392,0.5207292733281389
548,2025-04-02,Email,Midwest,48.397724010354885,22.566798953370363,0.46627810325423785
549,2025-03-18,Paid Social,Midwest,13.943204807259175,6.225002452643247,0.4464542075292732
549,2025-02-12,Paid Social,Midwest,42.20150120105036,18.555528821660683,0.43968883318299706
549,2025-01-08,Paid Social,Midwest,64.97381095713564,27.221199942855485,0.41895649249839734
554,2025-06-02,Email,West,58.385276697731534,28.06559054284368,0.48069636953410416
558,2025-05-13,Paid Search,Midwest,41.189850800915835,20.299771656997905,0.4928343089930918
558,2025-03-22,Paid Search,Midwest,20.188277426677352,10.269350811227051,0.5086789028199525
558,2025-04-04,Paid Search,Midwest,33.63492951199542,14.226927065094403,0.42298073079120235
569,2025-06-14,Organic,Northeast,80.98481166568784,41.91752008964865,0.5175973028459672
569,2025-02-18,Organic,Northeast,104.35669484344385,39.192597460520936,0.3755638056505887
569,2025-05-20,Organic,Northeast,45.11124985976857,24.099924608833724,0.5342331388234642
570,2025-06-13,Paid Social,West,80.50814961679981,41.41029120815694,0.5143614827226853
572,2025-03-04,Organic,Midwest,100.50447454736465,51.67357922419678,0.5141420763295929
572,2025-01-27,Organic,Midwest,17.587936090045112,8.498697713425658,0.483211769130545
573,2025-04-11,Paid Social,Northeast,166.54567655017462,61.40563801009374,0.3687014834731797
574,2025-05-31,Email,West,31.489272666114513,17.324859477221203,0.5501829039025223
575,2025-03-09,Organic,West,150.12870971585778,72.39588461487273,0.48222545009474427
575,2025-03-09,Organic,West,87.96704645271734,39.10886546200389,0.4445854105494501
575,2025-06-29,Organic,West,29.163701251872922,16.01642562332185,0.5491904297398897
581,2025-02-20,Paid Social,West,136.48906991514053,59.487492246095364,0.435840703457651
584,2025-06-18,Paid Social,West,48.10194965397728,21.599888276230068,0.44904392507184154
587,2025-05-24,Paid Search,South,74.80891654813722,36.8322582149356,0.49235117836835907
587,2025-06-09,Paid Search,South,22.872242407624515,9.924843640430431,0.43392525593039194
587,2025-04-18,Paid Search,South,92.31313032674943,42.132146199321845,0.45640469617043505
592,2025-02-09,Email,Northeast,49.69791272157305,21.851914154063763,0.4396948072343933
596,2025-02-25,Paid Social,Midwest,31.128253099165896,15.851538628640297,0.5092331579977114
605,2025-05-05,Paid Search,West,56.82623645477607,24.12050666154448,0.42446074500711056
605,2025-03-19,Paid Search,West,58.26138992520605,22.856584494948606,0.3923110060417559
618,2025-03-08,Paid Search,West,52.24666357917648,20.23962353172059,0.38738595242639245
619,2025-03-31,Organic,South,69.13626720219752,26.296893286357147,0.38036322107828946
641,2025-01-13,Paid Search,West,106.9228777494529,39.39339549359068,0.36842812616678056
647,2025-04-07,Email,Midwest,153.86564695902413,75.16185087183179,0.48849013641003375
647,2025-03-02,Email,Midwest,40.11463869420222,18.097049993536878,0.45113331648061056
648,2025-03-22,Email,South,38.480743502734505,19.094597629674706,0.49621176441972364
650,2025-06-03,Paid Social,Northeast,38.7850589719816,18.784829956004934,0.48433160742581655
653,2025-05-26,Email,South,91.19742765351094,49.84622752540288,0.5465749287883986
653,2025-01-10,Email,South,88.9913439274955,42.88739548477647,0.481927720068127
659,2025-03-09,Email,Northeast,66.20209703408689,32.41984942385829,0.4897103094357508
663,2025-03-16,Email,South,56.52770540730979,25.223456178902456,0.44621404667242565
664,2025-02-02,Paid Search,West,42.52294854781735,17.716663350379285,0.4166376969474912
664,2025-05-23,Paid Search,West,125.80754515258742,50.82236680519566,0.40396914782460025
666,2025-06-18,Paid Search,Midwest,20.100193995641018,9.599915898380234,0.477603146539884
666,2025-03-22,Paid Search,Midwest,150.35873898704645,64.86947873581842,0.43143138318955304
668,2025-02-10,Paid Search,West,28.851680991754993,13.665031580797537,0.47363034357348616
674,2025-03-01,Paid Social,Northeast,73.34932520181535,32.74892201621038,0.446478845253233
677,2025-06-15,Paid Search,Northeast,16.090449824893795,7.28850717720592,0.4529710018379817
677,2025-06-17,Paid Search,Northeast,51.79435366717661,20.605552003405485,0.3978339441363421
677,2025-04-30,Paid Search,Northeast,162.10117232897235,75.99983220019112,0.46884196522622973
678,2025-05-26,Paid Social,West,60.31594913626459,28.737668143446385,0.476452224576999
678,2025-03-25,Paid Social,West,76.64789594296239,29.52755379909199,0.3852363256137513
687,2025-02-05,Email,Northeast,131.42592619542876,70.52374460631442,0.5366045090787221
687,2025-04-03,Email,Northeast,28.595932661915086,14.208785012167493,0.49688132854960787
688,2025-06-12,Paid Search,Northeast,15.008884545593963,6.08806572880408,0.40563079223574305
688,2025-03-10,Paid Search,Northeast,90.76804246638339,38.508099311611176,0.4242473260990831
693,2025-01-17,Paid Social,South,17.85702435393199,8.239645296909385,0.4614231987142401
699,2025-06-11,Paid Search,Northeast,94.99646383948536,39.88102942230971,0.4198159364089206
706,2025-05-06,Organic,South,35.01991426694098,15.222769103973175,0.43468893121601854
707,2025-06-19,Paid Social,West,73.87556057654471,38.85969257274833,0.5260155357127154
707,2025-02-20,Paid Social,West,57.37847090118482,21.366941735117347,0.3723860430493999
707,2025-06-26,Paid Social,West,61.5921102568881,28.11253699390389,0.45643081356771587
709,2025-03-22,Paid Search,West,70.58138611438228,23.45197569533268,0.33226856238452224
710,2025-06-29,Email,Midwest,25.137057592706597,10.830170778955546,0.4308448090638051
710,2025-05-08,Email,Midwest,45.03735054732969,20.03225924423571,0.4447921336576813
712,2025-03-28,Email,South,920.573912656077,436.28603800784066,0.47392830929680657
712,2025-06-11,Email,South,51.30784552240918,25.348181835937773,0.4940410492361586
716,2025-01-02,Organic,South,47.66963793407879,26.803737882303096,0.5622811299588503
716,2025-05-19,Organic,South,54.35547188461678,28.21868814747742,0.5191508263855884
716,2025-04-06,Organic,South,65.25709054619509,37.37298114797327,0.5727037603908677
716,2025-01-17,Organic,South,91.79712643415719,40.14095181887009,0.4372789582652325
717,2025-02-17,Organic,Midwest,27.63406842955888,12.313234229107737,0.4455816652728862
724,2025-01-07,Email,South,22.53457050864045,11.74917351553615,0.521384399628613
724,2025-02-09,Email,South,42.54429055864808,19.899658018597034,0.46773980144680033
728,2025-05-01,Organic,West,36.40457907991757,16.247309230211417,0.4462985053211116
728,2025-05-29,Organic,West,54.984285894909014,24.6060995188235,0.4475114865700524
728,2025-04-06,Organic,West,49.243956381488466,26.94094536563755,0.5470914066475181
736,2025-03-26,Organic,Northeast,60.46361375121763,25.149216700406512,0.41593968901503264
738,2025-04-20,Organic,South,19.094034997426462,9.392750130415585,0.4919206512233565
738,2025-04-11,Organic,South,62.6965691302346,31.994993059785024,0.5103148944773097
738,2025-05-30,Organic,South,59.15136958230114,30.743656285029452,0.5197454683150456
749,2025-03-11,Organic,South,15.839219807043655,7.606512235955075,0.48023275948051947
749,2025-01-15,Organic,South,62.474070492717594,30.225038599630633,0.4838013332772013
753,2025-02-13,Email,Midwest,41.615006295868,21.630717887175535,0.5197816800360132
753,2025-06-07,Email,Midwest,34.78831514881784,17.45000857493906,0.5016054528737945
753,2025-04-14,Email,Midwest,61.228543599670346,29.885632514952714,0.48809967962578843
757,2025-03-14,Email,Northeast,31.56412123355818,14.628943018112121,0.4634674575561761
757,2025-05-19,Email,Northeast,71.72531522096378,38.597347655920885,0.538127264230408
760,2025-03-24,Organic,West,83.00265496205634,42.70136887709076,0.5144578676020806
760,2025-06-12,Organic,West,55.2090705105434,27.133477894025564,0.4914677541771659
760,2025-06-28,Organic,West,41.92177535170372,20.57620296090392,0.4908237494304423
761,2025-03-20,Paid Search,South,28.09099507437175,12.092325510188221,0.43046981704184656
761,2025-03-31,Paid Search,South,44.01670704620258,20.80554400095975,0.4726737958639432
763,2025-04-19,Paid Search,West,54.96522080829537,23.050525891081413,0.41936565617512483
765,2025-05-21,Paid Search,South,37.473061800932314,17.068888938923166,0.4554975792903717
765,2025-05-13,Paid Search,South,74.89189479018549,33.05289556493362,0.4413414249637221
765,2025-01-25,Paid Search,South,38.987223759798795,16.37106901871364,0.41990856080382083
765,2025-05-06,Paid Search,South,24.848490899211995,9.972762991726155,0.40134280315761206
769,2025-05-23,Paid Social,Midwest,25.06803638459887,10.325192507930733,0.4118867688525558
771,2025-05-06,Paid Search,Northeast,61.935859509065196,25.592184683172157,0.4132046424483118
772,2025-02-04,Organic,South,16.73730146335225,8.331789697502114,0.49779767161064037
773,2025-05-08,Paid Search,Northeast,31.632982016443513,16.28679910980655,0.5148676498896094
777,2025-01-27,Paid Search,Northeast,29.788049158330853,15.761554575701004,0.5291234243613753
777,2025-05-08,Paid Search,Northeast,55.942766122113866,25.898296901017027,0.46294273051291923
783,2025-04-15,Paid Search,Midwest,53.433068094928466,21.829580255032482,0.4085406478297362
785,2025-03-01,Paid Search,South,17.41640838449229,8.245561528438945,0.4734363909255171
785,2025-03-17,Paid Search,South,28.302262683911966,12.325259558027682,0.43548672046754083
785,2025-04-01,Paid Search,South,106.1023823041525,53.757798082491625,0.5066596707356656
786,2025-06-11,Organic,South,17.25147271683329,8.436080356428969,0.48900638773856
786,2025-01-22,Organic,South,34.00511638006704,15.395983800471468,0.45275492159456965
787,2025-01-19,Email,West,45.44823852773444,21.64186400112107,0.47618708012004224
790,2025-04-05,Organic,South,59.282941633897394,28.93609644680426,0.4881015625961936
790,2025-04-11,Organic,South,54.07783645353683,28.205168812318274,0.5215661472801688
795,2025-06-07,Paid Search,South,49.13246051211606,23.695132590566484,0.4822704245541146
797,2025-03-30,Organic,Northeast,52.627809695449,27.53224205338576,0.5231500648176627
810,2025-03-29,Paid Search,West,56.405942799344466,22.779637394285963,0.4038517266756988
810,2025-06-06,Paid Search,West,98.1303476956407,39.84021059314247,0.4059927589038016
817,2025-04-14,Email,West,78.39292206226486,41.12668708145133,0.5246224531442493
817,2025-01-25,Email,West,21.04258164630235,9.160011648333851,0.43530835723018185
821,2025-01-25,Organic,South,29.674409262364847,15.177487076735307,0.5114672020104695
821,2025-02-11,Organic,South,23.285457734213704,12.112793469319236,0.5201870458196624
823,2025-01-16,Paid Social,South,68.63300796284047,30.16585152946736,0.4395239612082843
831,2025-01-08,Paid Search,West,53.44327430137094,22.637089555338292,0.4235722801654314
831,2025-02-02,Paid Search,West,21.00664860121239,10.272151943915045,0.4889952766345695
831,2025-03-03,Paid Search,West,50.379619539823416,21.572117025502074,0.4281913444870308
831,2025-04-26,Paid Search,West,66.19098042851078,29.115565513307285,0.4398720992621252
836,2025-05-11,Paid Social,Northeast,106.95444653077033,45.68037363876091,0.4271012110339786
836,2025-03-03,Paid Social,Northeast,56.816719844384714,29.124395290719995,0.5126025467589257
836,2025-01-13,Paid Social,Northeast,55.213447778996645,25.330115454316864,0.4587671386816114
836,2025-03-11,Paid Social,Northeast,35.20144645579244,17.079483507009584,0.4851926618543578
840,2025-05-11,Email,South,25.766490663610092,12.727939146563271,0.4939725518981476
840,2025-06-15,Email,South,60.78550444249804,28.70447654229727,0.472225686132969
840,2025-06-16,Email,South,79.60084433032385,36.61563029961748,0.4599904763280105
840,2025-02-14,Email,South,23.84820524889622,12.605344384847234,0.5285657454424438
841,2025-03-03,Paid Search,West,21.6797735356048,9.452346200852466,0.4359983827934748
845,2025-01-23,Paid Search,Northeast,38.51873067515652,17.924524702916496,0.4653456743962049
848,2025-06-17,Organic,Northeast,70.43126782221269,38.44330875247353,0.5458273000212731
848,2025-06-07,Organic,Northeast,40.40063802975084,17.742170368020332,0.43915569736683574
848,2025-06-11,Organic,Northeast,72.99944591360418,35.56823134012117,0.4872397440141758
849,2025-05-18,Paid Social,West,34.62943642368698,16.095645760209397,0.46479664188816444
850,2025-01-05,Email,Northeast,99.40559876529056,54.841939003354234,0.5516986938818519
854,2025-03-08,Organic,South,132.51943934223553,67.42525773785654,0.50879522334628
854,2025-05-11,Organic,South,38.99979309125037,17.979304823460158,0.4610102618081281
855,2025-01-22,Paid Search,Midwest,51.05415324595708,19.234927789929582,0.376755397298706
864,2025-03-15,Paid Social,South,53.18614311158987,25.21686506550745,0.4741247172708112
864,2025-02-16,Paid Social,South,32.19120817889306,14.795116640157143,0.45960116060067346
864,2025-03-02,Paid Social,South,139.9010846504515,55.21767204779614,0.3946908073354808
864,2025-06-23,Paid Social,South,113.47260758933798,49.20409312161819,0.43362089024771355
869,2025-06-06,Organic,Midwest,35.82205402117294,19.669722636670627,0.5490953317485554
870,2025-04-17,Organic,West,21.00540825749336,11.301801564074978,0.538042461519082
872,2025-05-31,Paid Search,Northeast,17.160226547918867,7.106735120906916,0.4141399358022343
886,2025-02-13,Paid Search,West,36.75615161796771,17.36674957377993,0.4724855244445789
887,2025-02-26,Email,South,102.36686831022317,43.371516562298474,0.42368705107653515
887,2025-03-18,Email,South,50.81141058146868,23.570588205225093,0.46388376027138817
887,2025-04-06,Email,South,69.54471958540178,35.47438379831721,0.5100945695058017
891,2025-01-29,Email,South,33.2799579290448,15.836872885885793,0.4758681762654603
896,2025-06-19,Paid Search,Northeast,73.81269077001923,35.86594700592905,0.48590488480738125
896,2025-01-04,Paid Search,Northeast,29.86227449111499,14.351221467094133,0.480580321213111
899,2025-01-22,Paid Search,Northeast,126.09580688459724,55.134861994124854,0.43724580028727067
912,2025-04-27,Paid Search,Midwest,33.576927999844486,13.865567279988074,0.4129492513446225
913,2025-02-10,Email,South,55.148398708574824,30.188727845681832,0.5474089647681447
914,2025-03-22,Paid Social,Northeast,95.05475641261138,37.87143847555304,0.39841707984776287
915,2025-02-01,Email,Northeast,30.41554173015546,12.491250852908989,0.41068644983313085
924,2025-01-21,Organic,West,103.73410502546625,55.07130064056669,0.5308890516484134
924,2025-04-05,Organic,West,48.153020926416225,24.052001708601022,0.4994910235300804
925,2025-03-10,Paid Social,Northeast,59.66163285327619,26.511899345873232,0.4443709982104083
925,2025-01-25,Paid Social,Northeast,46.66215767283164,16.883407250180934,0.3618222579538162
928,2025-04-07,Paid Social,Northeast,49.075312923097314,25.213326722256863,0.5137680275572976
934,2025-05-01,Paid Social,South,129.4706693239385,57.70752935324496,0.4457189389270819
940,2025-05-17,Email,West,38.48024103851098,20.291084526497304,0.5273117833692884
940,2025-03-27,Email,West,65.68862095142852,32.7020877824861,0.4978348960418378
940,2025-05-10,Email,West,83.77042427940172,39.42917164961758,0.47068129341339393
940,2025-05-27,Email,West,40.28040877788388,19.041390182508966,0.47272087747440433
949,2025-03-12,Organic,West,22.49611022188568,9.998857410658065,0.44447050232402074
949,2025-05-14,Organic,West,34.09714532949102,15.082859080092431,0.44234961414928453
949,2025-02-13,Organic,West,31.884922649500982,15.683205043210812,0.49186900076912254
950,2025-02-08,Email,West,150.02697384304346,63.57049507771341,0.4237271035288637
950,2025-03-12,Email,West,33.59514875823255,14.304595307007617,0.42579348018223173
950,2025-01-25,Email,West,72.5410783786837,35.03338569103277,0.4829454768806881
950,2025-04-12,Email,West,24.55267181335039,11.697234958957411,0.4764139335987499
950,2025-05-31,Email,West,51.55324850761814,28.34075873566177,0.5497375928012332
950,2025-01-11,Email,West,24.75926080081765,12.254971139540801,0.49496514609741876
953,2025-04-30,Paid Search,South,64.64680601617204,26.06206098288042,0.40314537699450675
958,2025-04-26,Paid Search,Midwest,72.99472895290283,31.679775045275992,0.43400085868825133
968,2025-03-21,Paid Search,Midwest,47.10508540391012,22.096970827607525,0.4690994748896749
969,2025-04-24,Email,West,46.473955509837694,20.606591414489856,0.4434008508298334
969,2025-02-05,Email,West,23.986181993355842,12.310217685956093,0.5132212241767371
971,2025-05-13,Email,South,63.69933112049359,35.88980175891203,0.5634250961132216
985,2025-05-23,Email,Midwest,32.33808133265548,14.754371091519667,0.4562537566698641
987,2025-06-28,Email,Midwest,46.533508500137984,19.01802166882882,0.4086952022706911
994,2025-03-25,Email,Midwest,34.004289100940724,16.81537846886628,0.49450757282266156
1014,2025-01-25,Paid Search,Midwest,61.301788348733716,26.90475361159236,0.43889019123775885
1016,2025-05-31,Organic,Northeast,72.36632588576633,31.94498874695924,0.441434442828919
1020,2025-05-14,Paid Search,West,144.56905732295883,68.2709931745402,0.47223793554956084
1022,2025-06-07,Paid Search,South,28.05644934981845,12.551879190855232,0.44737946111261767
1022,2025-03-17,Paid Search,South,48.10365334152761,24.056548385948826,0.5000981571015303
1027,2025-05-16,Organic,South,32.886771248249744,14.77597811857536,0.44929853426586375
1027,2025-01-18,Organic,South,43.44309532997902,17.843914893565625,0.41074225393078684
1028,2025-01-01,Organic,Northeast,64.23018198134726,29.101787539229942,0.45308586464352907
1031,2025-01-18,Paid Search,South,52.392352511252064,22.96019522616848,0.4382356226748441
1036,2025-01-04,Email,South,15.88496533234884,6.789059232847858,0.42738898642871576
1036,2025-05-27,Email,South,29.060429094539188,11.844363862353672,0.40757704656808985
1036,2025-03-29,Email,South,61.25029402671117,24.065412168927637,0.3929028023674914
1036,2025-04-04,Email,South,56.12845394723785,26.63052945223202,0.47445684994753967
1039,2025-03-24,Paid Search,Midwest,82.65475029011127,35.28658464767718,0.4269153862763388
1039,2025-05-28,Paid Search,Midwest,61.18509821296917,27.245048747792644,0.4452889599516507
1039,2025-05-11,Paid Search,Midwest,82.33030901642026,35.776739237812144,0.43455125658129984
1039,2025-02-09,Paid Search,Midwest,29.462813334422453,12.176220398674339,0.41327419280929384
1040,2025-01-11,Paid Social,West,78.30865207045426,28.936453278723423,0.3695179589183748
1042,2025-02-23,Organic,Midwest,75.84837384853465,29.592940685024367,0.3901591976661222
1047,2025-06-09,Paid Search,South,48.89572123642453,21.235512633871814,0.43430206359350243
1047,2025-04-10,Paid Search,South,71.57689139846829,32.16092030656337,0.44931988073530105
1047,2025-04-26,Paid Search,South,108.12139949250727,51.631622824139285,0.4775338005841972
1048,2025-04-29,Paid Search,South,61.77806984860419,27.814680123647157,0.4502354992930489
1052,2025-04-17,Paid Social,West,53.65548598140493,24.593282656550393,0.4583554170970242
1053,2025-02-04,Organic,Northeast,32.37672767045104,13.947133055914904,0.4307764885283296
1053,2025-01-09,Organic,Northeast,58.9478525841456,28.890115538517875,0.4900961489187149
1062,2025-03-07,Organic,West,57.84807697815985,22.96791465160813,0.3970385162549052
1066,2025-05-12,Email,Northeast,43.48843198163303,20.42056473258315,0.46956314132474586
1074,2025-01-29,Paid Search,Northeast,93.86445866737854,40.676642719788525,0.4333551090294116
1074,2025-06-25,Paid Search,Northeast,59.974370931492494,24.635591180506985,0.41076864663820684
1074,2025-02-20,Paid Search,Northeast,23.952028644810103,11.291425866071481,0.47141835180286884
1081,2025-01-22,Organic,Northeast,30.65353489412136,13.461701514051404,0.4391565788594596
1083,2025-04-17,Paid Social,West,27.334200532981082,12.843536919320938,0.46987058955040945
1085,2025-03-14,Organic,Northeast,114.49243428547999,53.7271743044075,0.46926397049469687
1090,2025-06-16,Paid Search,Northeast,28.736501461382456,13.956587140287045,0.48567454041135116
1092,2025-04-24,Email,Northeast,37.28797788798622,18.44169501633753,0.494574821722345
1092,2025-02-09,Email,Northeast,46.597246277445805,20.836251371367673,0.44715628145290043
1092,2025-05-19,Email,Northeast,55.056939778176215,26.04833986239458,0.47311637674275114
1092,2025-05-22,Email,Northeast,34.7722173205145,18.665653078026505,0.5367978954570253
1094,2025-02-12,Paid Social,Northeast,68.35915800056348,30.911649230908868,0.452194704192437
1094,2025-01-21,Paid Social,Northeast,78.4485835913079,35.11518317305091,0.44762035929150507
1099,2025-03-27,Organic,South,31.25821336296495,14.558689800538884,0.46575566016796627
1110,2025-01-30,Paid Search,West,72.70646090295482,31.646562420484575,0.4352647897787918
1118,2025-02-20,Organic,South,22.131379835192323,10.457437702174023,0.472516299482831
1118,2025-03-02,Organic,South,28.794372661503097,14.764459009070503,0.5127550158024448
1118,2025-01-06,Organic,South,21.996820721612462,11.077165803128343,0.5035803102329571
1124,2025-04-18,Organic,South,46.62641111197293,24.534417029047535,0.5261914104889682
1126,2025-02-20,Email,Midwest,51.31699951431112,24.37914842184132,0.47506963876643926
1141,2025-03-26,Organic,Midwest,27.076509083180905,13.283285211072652,0.4905833750674979
1141,2025-06-09,Organic,Midwest,46.17002089242493,19.659619557181664,0.42580919776900505
1144,2025-02-18,Email,West,271.2863949365771,121.35730059087906,0.447340164696614
1144,2025-04-04,Email,West,43.22606408431109,17.102380541624555,0.39564972902152035
1144,2025-02-20,Email,West,215.85507902021027,95.02170421908788,0.44021064804405696
1144,2025-01-05,Email,West,84.6464223216315,40.02788473672277,0.47288336162193106
1147,2025-01-21,Organic,Midwest,19.869192690219247,9.50692139686373,0.47847547432279824
1147,2025-05-03,Organic,Midwest,58.083474032334834,25.76849278914305,0.443645860004824
1147,2025-01-08,Organic,Midwest,59.08039225473577,28.92831231897162,0.4896431999679688
1157,2025-04-06,Paid Search,Northeast,64.65965394433428,28.168247133108757,0.435638692984019
1164,2025-02-06,Email,South,27.835021112409205,13.49590076109297,0.4848532611702
1167,2025-06-12,Organic,Northeast,35.11914196463565,19.803142815921294,0.5638845856730413
1169,2025-03-31,Paid Search,Northeast,73.0126237681029,29.51053336903785,0.40418398690570206
1173,2025-01-05,Email,Northeast,131.10756276938474,57.02903029642473,0.4349789523334936
1173,2025-03-02,Email,Northeast,79.7765632175011,39.322910625460246,0.4929130691961637
1177,2025-06-07,Organic,West,15.678317914983467,7.317338180228453,0.46671704323812785
1178,2025-06-06,Paid Search,Northeast,25.174460338687112,12.15826422138134,0.4829602723478049
1178,2025-05-13,Paid Search,Northeast,23.60746084647167,10.386947202047018,0.4399857854089985
1178,2025-03-30,Paid Search,Northeast,36.5190116698808,17.54245103179919,0.4803648902214787
1180,2025-03-05,Paid Social,West,35.112058642617754,14.812544647576006,0.4218648868852444
1180,2025-03-25,Paid Social,West,19.7361120945421,7.928714385835661,0.40173638799043393
1190,2025-02-02,Email,South,26.601893932551476,12.349697120250916,0.46424127363124235
1190,2025-01-21,Email,South,89.28007139189009,40.245963118319054,0.45078327661345113
1190,2025-04-05,Email,South,46.81247993083114,25.295918921488333,0.5403669910003679
1191,2025-04-05,Paid Search,South,30.81241717044221,12.902246209652862,0.4187352825415382
1191,2025-04-29,Paid Search,South,38.6727487209726,16.624264712425838,0.4298702642620886
1196,2025-01-27,Organic,West,83.33274596365297,40.547051062202165,0.48656804229021167
1203,2025-04-15,Paid Search,Midwest,72.76565884850454,38.78057164409924,0.532951563385676
1203,2025-04-07,Paid Search,Midwest,38.4044257260648,16.769704575730728,0.43666073007698314
1203,2025-03-28,Paid Search,Midwest,12.759559860354058,5.376998508478193,0.4214094034062543
1207,2025-01-15,Email,West,86.02634769973388,47.70748985890644,0.554568351842909
1207,2025-01-18,Email,West,77.5021071630233,35.685435760944905,0.4604447165014713
1207,2025-02-01,Email,West,83.85833368169065,39.53679466897826,0.47147126508680665
1208,2025-02-07,Paid Social,South,92.80140671453742,40.56217744236383,0.43708580374363804
1208,2025-05-26,Paid Social,South,58.028226122040685,27.385728279902914,0.4719380568743782
1212,2025-01-30,Paid Social,Northeast,27.949792391048558,12.580825419209706,0.4501223208813154
1216,2025-05-07,Paid Search,Midwest,65.78047318721963,30.893923015623884,0.4696518817627814
1216,2025-06-30,Paid Search,Midwest,29.13755560232236,12.88156471459948,0.4420948994627667
1216,2025-03-23,Paid Search,Midwest,12.071591719993618,6.240898871299766,0.516990552369598
1224,2025-05-07,Organic,South,65.26312502831084,33.428943990090325,0.5122179481229102
1228,2025-01-23,Paid Search,West,18.30071224619504,8.642726474896707,0.47226175454967023
1228,2025-05-28,Paid Search,West,41.07286146417599,15.933006693497948,0.3879205423122228
1229,2025-03-22,Organic,Northeast,43.38137788511912,19.833821932573024,0.45719667976190564
1229,2025-06-08,Organic,Northeast,25.490080738810068,13.835343468615674,0.5427736228214685
1230,2025-05-27,Paid Social,Midwest,37.29534255601349,15.708004223433145,0.42117870883854885
1230,2025-04-06,Paid Social,Midwest,30.16012224957972,15.00661101392837,0.4975646613679587
1231,2025-01-02,Organic,Midwest,42.59883764798801,23.72028226409015,0.5568293308869305
1233,2025-06-27,Paid Search,Midwest,40.3856542568469,14.721227608269084,0.36451625903208634
1233,2025-05-15,Paid Search,Midwest,37.19103518672058,17.13289080479618,0.4606725980812076
1237,2025-04-29,Organic,Midwest,44.273185307396425,21.2991777106919,0.4810852791098722
1237,2025-06-28,Organic,Midwest,89.94041345077413,47.26305334420118,0.5254929517315264
1237,2025-02-21,Organic,Midwest,17.25659301083125,8.23418463581837,0.4771616639883731
1242,2025-05-14,Organic,South,34.0045121637936,16.600311923607226,0.48817968167420017
1245,2025-04-19,Organic,Midwest,107.28347596123689,56.288554651092724,0.5246712426751592
1245,2025-03-05,Organic,Midwest,54.49235338203092,29.451418332415994,0.5404688273589542
1250,2025-03-01,Email,South,41.34813548719575,21.914659790939027,0.5300035789455446
1256,2025-04-28,Paid Social,South,36.174883761574314,17.83129558924013,0.4929192228167127
1256,2025-02-19,Paid Social,South,20.39432288241713,8.581488832133083,0.42077831569154833
1259,2025-06-03,Paid Search,South,62.69252824746379,25.602414126599403,0.40838062911643924
1259,2025-02-13,Paid Search,South,100.93381278842925,41.060153134794255,0.40680275519623754
1279,2025-05-16,Paid Search,West,65.74202949443591,32.84426390827108,0.4995930938069209
1279,2025-04-15,Paid Search,West,38.41445753362674,20.06332514510952,0.5222857859582359
1279,2025-03-27,Paid Search,West,28.900291922451526,13.361897831051857,0.4623447357177563
1279,2025-03-24,Paid Search,West,130.7582410563537,57.419426648967494,0.4391266369530092
1279,2025-06-05,Paid Search,West,161.39295789134647,72.0783978965522,0.4466018767998358
1287,2025-06-02,Paid Search,West,119.14957595132805,45.55805277535128,0.38236017553231993
1288,2025-01-09,Paid Social,Northeast,53.37605024990126,25.1734286655001,0.4716240438856127
1289,2025-03-07,Paid Search,Northeast,127.70619964909405,63.78914935416669,0.4994992375424525
1289,2025-02-14,Paid Search,Northeast,69.59955931735618,28.525790155319136,0.4098559018922639
1295,2025-03-22,Organic,West,26.396076899138595,13.479348482719884,0.5106572667682964
1295,2025-06-30,Organic,West,54.11553608361825,22.075267233126343,0.40792845882587353
1295,2025-04-12,Organic,West,54.14478712195954,23.83948223014338,0.44029136501073773
1297,2025-06-09,Paid Search,South,59.03446719876737,25.513735971152013,0.43218372557252
1299,2025-05-19,Email,South,29.22640615606939,13.564509424032282,0.46411828233678903
1299,2025-05-04,Email,South,47.294362998349165,23.301506887012774,0.49269099761056356
1299,2025-05-22,Email,South,29.62276696825601,15.086409648718053,0.5092842834325628
1310,2025-01-06,Organic,West,92.48551956146761,45.483765534084874,0.49179337208410784
1310,2025-06-16,Organic,West,124.89815671138878,59.003580225983306,0.4724135389950322
1314,2025-03-27,Organic,West,106.95598648982144,54.739779308299724,0.511797245809229
1316,2025-03-11,Email,South,37.429090602869294,19.339235209733605,0.5166899568821228
1316,2025-03-11,Email,South,84.87066345283891,40.407697693294,0.4761091294608274
1319,2025-02-14,Paid Search,Northeast,27.05851987925987,13.385710225307648,0.4946948423283006
1319,2025-06-09,Paid Search,Northeast,94.68039096830667,39.66546047200726,0.4189406070923903
1323,2025-02-06,Organic,South,71.26109068402414,41.131152328752755,0.5771894863514045
1323,2025-01-03,Organic,South,48.45561842362462,27.5746022050358,0.5690692452620056
1323,2025-05-26,Organic,South,48.56553922920504,22.246137310640634,0.4580642501599746
1325,2025-01-28,Organic,Northeast,18.14817560996545,8.499314149323402,0.4683288464905693
1325,2025-01-25,Organic,Northeast,97.69002741763967,42.116904234211006,0.4311279804862257
1325,2025-05-22,Organic,Northeast,42.52528896296086,20.21125405853662,0.4752761133766884
1327,2025-03-18,Paid Search,Northeast,38.38413442907597,16.053587954054347,0.41823498674217224
1334,2025-01-16,Organic,South,70.84778024701613,34.02787542661943,0.4802955760643266
1334,2025-05-16,Organic,South,29.69394372104172,14.116382734275188,0.47539602239739004
1341,2025-05-20,Paid Search,West,145.4534952730575,59.19885290173069,0.40699505220275134
1341,2025-06-17,Paid Search,West,112.01477071957953,51.80239537680698,0.46246039735679445
1341,2025-03-25,Paid Search,West,67.55040685837787,30.038781759104204,0.4446869109475789
1343,2025-04-13,Organic,Northeast,29.002707457728256,11.42595078144917,0.39396152232003206
1344,2025-03-08,Email,Northeast,28.55828143381173,12.680821716941987,0.44403308183413515
1359,2025-03-09,Paid Search,West,14.317238963254834,5.248218562776884,0.3665663872934179
1361,2025-01-30,Organic,Midwest,13.224826429343143,6.1366250003445515,0.4640231032997647
1369,2025-04-30,Paid Search,West,56.41400826322959,22.38045531260546,0.39671804932167787
1369,2025-05-25,Paid Search,West,62.033275668414376,30.998333990384392,0.4997049350751581
1372,2025-05-27,Paid Search,South,38.8405574729198,17.496328809658525,0.45046543994269955
1377,2025-06-16,Paid Social,Midwest,69.92718540136654,32.44050009505656,0.46391828741361857
1377,2025-04-13,Paid Social,Midwest,20.516753538845133,9.955411469479978,0.48523327292649043
1377,2025-03-05,Paid Social,Midwest,67.58875118227098,29.58697095513438,0.43774992787402256
1377,2025-03-05,Paid Social,Midwest,54.576965512235795,25.423286899030902,0.4658244858507417
1379,2025-02-17,Paid Social,West,32.138659102509095,11.67616124484287,0.3633057996477302
1379,2025-05-01,Paid Social,West,70.54072449790007,31.910044776959438,0.4523634397589632
1381,2025-02-10,Paid Search,Northeast,48.30565747899236,20.292828377044138,0.4200921680005967
1381,2025-04-06,Paid Search,Northeast,40.71200129706725,14.868056219737376,0.3652008190717074
1386,2025-06-06,Paid Social,South,67.03360440131594,29.142756238642466,0.43474845935735423
1391,2025-03-17,Paid Search,Northeast,91.28587415683724,42.46399966234959,0.46517602043655376
1391,2025-01-24,Paid Search,Northeast,86.65110103238618,37.17556512649685,0.42902588292100685
1400,2025-04-21,Email,West,71.0842758654057,32.451220404448925,0.4565175632638305
1402,2025-05-31,Paid Search,West,53.82716699268138,23.35390064767667,0.4338682853372534
1402,2025-01-19,Paid Search,West,41.810570542770336,16.803034135476032,0.40188483240828493
1402,2025-01-19,Paid Search,West,65.17784073311152,28.478528952672463,0.4369357535068641
1403,2025-02-17,Paid Search,West,43.38183656560213,17.201173352028903,0.39650634260302103
1403,2025-02-27,Paid Search,West,57.77086820456768,26.06057925096545,0.45110243381983584
1403,2025-05-17,Paid Search,West,85.3261334297521,37.92951440379116,0.44452400312992074
1408,2025-01-25,Organic,South,47.89024535935421,22.677965429291515,0.4735403892613784
1408,2025-06-27,Organic,South,75.93017844919964,37.03474357280712,0.4877473532817372
1410,2025-05-18,Organic,South,18.39599546117142,8.301946901751858,0.4512909844577232
1410,2025-01-12,Organic,South,107.02066798093739,55.450184975575965,0.5181259472745283
1410,2025-04-28,Organic,South,33.437009911884765,14.83748066623755,0.4437442434397746
1410,2025-03-07,Organic,South,92.74731729098836,51.87700680306873,0.5593370063773184
1411,2025-02-20,Paid Search,Midwest,34.492151384396195,13.937593132407072,0.4040801333926726
1411,2025-05-06,Paid Search,Midwest,65.8874909495671,31.587535489189182,0.47941627513737833
1413,2025-02-23,Paid Search,Midwest,64.51975763335375,24.05064993962254,0.3727641085742309
1416,2025-03-16,Organic,South,63.803214680603176,30.0965225705029,0.4717085607859277
1416,2025-05-29,Organic,South,12.152591176593278,6.040300854471484,0.49703810213788124
1416,2025-05-30,Organic,South,18.283871068973756,9.925176569422257,0.5428378121887151
1438,2025-02-05,Email,West,45.72536112145235,22.66566471306674,0.4956913222153427
1438,2025-05-16,Email,West,33.579276425429576,15.934539785805294,0.47453493589093754
1438,2025-03-24,Email,West,87.27005683059069,42.03219191431366,0.4816336031029162
1439,2025-02-18,Paid Search,Northeast,100.79751109968522,38.77250207674897,0.384657335818583
1439,2025-02-25,Paid Search,Northeast,87.48572270100193,42.31545134349801,0.4836840805226999
1442,2025-03-20,Paid Search,Northeast,21.01468489709419,9.506003490402454,0.4523505128414701
1445,2025-02-08,Organic,Northeast,21.106172460841485,9.690213201676494,0.45911750316903044
1445,2025-05-10,Organic,Northeast,53.91149102213553,26.02413820734779,0.48271968951225136
1445,2025-04-08,Organic,Northeast,36.84958101765131,15.146977755510022,0.4110488460711255
1449,2025-04-27,Organic,South,50.79735254511456,25.78915021143148,0.5076868954642352
1449,2025-04-14,Organic,South,40.166302807790565,17.000279781917005,0.4232473141296856
1453,2025-03-15,Organic,Northeast,56.58889479882224,29.76691663267486,0.5260204628222283
1453,2025-03-31,Organic,Northeast,47.38201200128576,24.685356645072723,0.5209858256842884
1453,2025-03-20,Organic,Northeast,97.22364194274911,48.72681745785056,0.5011828037314598
1454,2025-04-07,Email,South,78.82775999832018,34.842984109037474,0.4420141344848564
1454,2025-06-03,Email,South,44.95337435318471,21.301244313841686,0.47385195483846043
1455,2025-06-12,Paid Search,Midwest,141.03642861298042,68.35812175559161,0.48468415166108514
1456,2025-03-10,Organic,Northeast,26.786818441150686,12.980823700607967,0.484597442175755
1456,2025-02-19,Organic,Northeast,36.69029055186256,18.81446683118495,0.5127914374128565
1456,2025-05-05,Organic,Northeast,51.10636594715439,23.045406387519918,0.4509302502813368
1459,2025-06-13,Paid Search,West,79.83882013441949,36.67418504183988,0.45935279329145784
1460,2025-05-16,Email,West,85.9667734035074,40.433971967133566,0.470344184925334
1461,2025-03-12,Paid Social,West,43.74861623066969,19.49002932987967,0.44550047542341026
1465,2025-02-20,Organic,South,65.34432431470178,30.477919472436973,0.4664203018712639
1468,2025-01-25,Paid Social,West,107.63951033651344,47.68854380056453,0.4430393974431491
1475,2025-04-14,Paid Social,Northeast,83.40905576297105,34.34201166710336,0.4117300136413879
1475,2025-06-27,Paid Social,Northeast,39.18841423712183,16.5608189952036,0.42259477239872867
1475,2025-05-23,Paid Social,Northeast,110.27484055181814,52.65787838839137,0.47751489029492117
1480,2025-03-11,Paid Social,South,34.07239863109697,15.945203504185404,0.4679800702270676
1480,2025-04-21,Paid Social,South,16.12637683421861,6.906548775625295,0.4282765339434625
1485,2025-06-05,Paid Social,Midwest,53.06034008536027,25.78906576128292,0.4860328018967657
1485,2025-06-09,Paid Social,Midwest,74.09728216766555,26.340432759224576,0.3554844656734113
1485,2025-05-30,Paid Social,Midwest,37.327504590019394,18.582232870427084,0.4978161030189945
1491,2025-01-17,Paid Search,Northeast,58.57443141453798,21.429945233640566,0.3658583568994188
1491,2025-04-06,Paid Search,Northeast,50.494569754394256,22.48774135032585,0.4453496971992493
1497,2025-05-22,Email,Midwest,31.6347156041124,16.207797357903413,0.5123421231514551
1497,2025-02-03,Email,Midwest,26.266489429752323,13.744265648242264,0.523262375240522
1499,2025-01-28,Paid Social,Midwest,63.26376293616143,27.762216292576447,0.43883283263739636
1500,2025-03-28,Organic,Midwest,31.148110484234895,14.560979010417046,0.4674755156588663
1501,2025-02-07,Paid Social,South,96.69406233467727,42.98358336384984,0.44453177709170144
1510,2025-01-01,Organic,South,184.38626460188192,88.79900528124597,0.48159230012591536
1519,2025-01-17,Paid Search,Northeast,84.60173022258105,31.92423229856441,0.3773472742764723
1528,2025-06-09,Paid Social,Northeast,156.81277922222677,77.31983978459449,0.4930710377565652
1533,2025-01-28,Email,Midwest,20.915816138658375,10.057234350943704,0.48084350542530707
1533,2025-03-22,Email,Midwest,31.070811703121816,14.34918248714582,0.4618219383597274
1533,2025-01-31,Email,Midwest,72.98989788150627,32.46599434211864,0.4448012024187895
1535,2025-04-15,Paid Social,Northeast,68.02444900663049,24.716560732152395,0.3633481945549198
1535,2025-06-20,Paid Social,Northeast,32.20928931234306,14.846204718878365,0.46092928580045034
1538,2025-05-24,Email,West,40.915388371565804,21.167693768847922,0.5173528740975715
1543,2025-06-22,Email,West,21.871551323642542,10.372748160974458,0.47425754156550404
1543,2025-04-04,Email,West,75.59549297674522,37.719395669232696,0.4989635517138037
1547,2025-03-06,Organic,Northeast,62.2879086699287,30.423620378281193,0.4884354127138817
1549,2025-06-04,Paid Search,South,107.52369666981792,43.63477536862306,0.40581543157520006
1551,2025-04-30,Organic,South,156.82189871969788,77.69578386035136,0.4954396324407737
1551,2025-06-16,Organic,South,115.09059123487417,62.88187715805526,0.5463685300714757
1551,2025-04-24,Organic,South,299.2085206659919,137.05901568752827,0.4580719004340388
1553,2025-06-18,Organic,West,94.00440842753211,46.57237535325402,0.4954275669864633
1553,2025-05-06,Organic,West,50.485352705643535,20.10563517745973,0.3982468993469508
1553,2025-02-28,Organic,West,18.06339591505838,7.928994012045916,0.43895367456547774
1553,2025-04-16,Organic,West,31.443442328365517,17.04022985662387,0.5419327082153365
1555,2025-04-21,Paid Search,West,43.521908660492024,20.117521462497432,0.46223895232700485
1565,2025-04-12,Organic,West,106.92684474582468,50.581986094130365,0.4730522649795622
1567,2025-04-17,Email,Midwest,137.1008709471646,56.08207950999151,0.4090570623114729
1567,2025-01-06,Email,Midwest,64.79097105809113,29.46887566379485,0.4548299737223149
1568,2025-06-01,Paid Search,Midwest,10.630377729209977,4.662680946772485,0.43861855764169577
1583,2025-04-09,Email,West,63.149917725692156,28.276614124311013,0.44776961146865984
1583,2025-06-30,Email,West,26.636122151665987,12.047800638926187,0.45231060926684646
1586,2025-05-13,Paid Search,Northeast,20.792756729381814,10.20198400486968,0.4906508616268985
1586,2025-06-21,Paid Search,Northeast,40.89248360146034,16.80259493500721,0.4108969046430616
1587,2025-03-13,Email,South,90.56906850634593,41.731025275029886,0.460764651367767
1587,2025-02-02,Email,South,33.92051704566234,17.349972264291566,0.5114890271553284
1588,2025-05-15,Paid Social,South,79.0113478372765,32.529009269449624,0.4117004729047651
1590,2025-01-28,Email,Midwest,46.73536458413259,23.90659707045203,0.5115311987652431
1590,2025-06-03,Email,Midwest,29.083959625807488,15.359724557843727,0.5281166923438568
1590,2025-02-03,Email,Midwest,21.655641607036547,11.409205190374506,0.5268467865051536
1590,2025-04-06,Email,Midwest,36.83927185438147,15.731433431106838,0.4270288917025873
1593,2025-03-07,Paid Search,Northeast,64.66947108794636,24.93399974297255,0.3855605948758093
1593,2025-05-20,Paid Search,Northeast,98.73741861767199,41.49022929489966,0.4202077578669223
1593,2025-05-08,Paid Search,Northeast,50.72276073798076,21.22546071262823,0.4184602810220224
1597,2025-06-03,Paid Search,South,26.311685073755996,10.724031810014365,0.4075767773881883
1597,2025-05-21,Paid Search,South,111.45390269534639,39.573062922142874,0.35506215543042796
1597,2025-01-19,Paid Search,South,38.28342938940955,17.795921732239062,0.46484659331909267
1599,2025-06-21,Paid Search,Midwest,67.83519074438378,28.62033780890028,0.42190988917164385
1599,2025-03-11,Paid Search,Midwest,20.196903366234455,10.574128386092534,0.5235519621176458
1599,2025-04-30,Paid Search,Midwest,19.08125658138556,9.762206837020447,0.5116123665851139
1601,2025-03-02,Paid Search,South,35.13854769869089,15.171547298356556,0.4317636411285655
1603,2025-04-28,Paid Search,Northeast,52.99823994798163,22.609079102928554,0.4266005649455457
1608,2025-03-28,Organic,West,26.688785443574858,15.145139518058244,0.5674720398977291
1608,2025-04-01,Organic,West,32.366774566108354,15.152608877498427,0.4681531935333745
1609,2025-05-18,Paid Search,South,57.70671319599421,26.926918849967713,0.46661674801185665
1609,2025-04-29,Paid Search,South,31.355010958769245,12.636607902467246,0.4030171738445235
1611,2025-05-22,Organic,Northeast,47.12623794099035,21.412806157975034,0.4543712185298415
1613,2025-01-11,Paid Social,West,47.16664192206409,19.553713496418947,0.41456658137182145
1613,2025-02-05,Paid Social,West,140.9533193779792,57.919011892259334,0.4109091729648751
1616,2025-02-24,Email,West,54.09349668014873,24.765811080871096,0.45783342917004793
1618,2025-06-15,Email,Northeast,145.45591368944267,71.54962858410742,0.4918990694106139
1619,2025-05-24,Email,Midwest,38.91622883270693,18.560802099306763,0.47694246477725094
1625,2025-01-26,Paid Search,Northeast,45.55947580478197,19.484507334860602,0.4276718946098034
1630,2025-05-21,Paid Social,Northeast,78.9102705456434,35.276545295518076,0.44704631034198977
1632,2025-04-18,Paid Social,Midwest,31.74011056436925,14.419071508512815,0.4542854845849008
1632,2025-05-28,Paid Social,Midwest,37.581711451575366,15.536178691373927,0.41339731724012996
1635,2025-06-09,Organic,Northeast,67.26456115642557,32.95143564818388,0.48987810344223337
1635,2025-06-18,Organic,Northeast,69.88286157465997,25.943559527460817,0.3712435201260868
1635,2025-03-10,Organic,Northeast,52.3805174423365,26.328264953149322,0.5026346863055142
1636,2025-03-24,Paid Search,Northeast,33.51746069054966,17.16490761086005,0.5121183782189007
1636,2025-04-12,Paid Search,Northeast,42.72041849549028,17.92889024390046,0.4196796491072085
1636,2025-02-27,Paid Search,Northeast,80.51486217622366,34.76459153354746,0.43177856353349847
1639,2025-02-07,Organic,Northeast,17.60260900074331,9.776305658402936,0.555389582191487
1639,2025-04-02,Organic,Northeast,58.71585741672784,29.975011600468576,0.5105096462736632
1639,2025-03-28,Organic,Northeast,98.35624792108064,48.18499842683449,0.48990277125554144
1641,2025-01-03,Paid Social,Midwest,34.66934802628355,15.123331953878521,0.436216220230424
1643,2025-05-16,Paid Social,South,63.59510142952539,23.981736344758954,0.3771003710299126
1645,2025-03-08,Paid Search,Midwest,44.35767339716687,19.486257578342858,0.43929845922864497
1646,2025-02-22,Organic,South,37.71426120865892,16.551986889468786,0.43887872542147455
1646,2025-02-09,Organic,South,43.16667617469961,21.50707368262848,0.49823325742263136
1647,2025-01-02,Paid Search,Northeast,96.38477825314185,41.115427170043915,0.42657593776954794
1651,2025-04-23,Paid Search,Midwest,19.452422579806495,8.903137242242414,0.45768783840243815
1661,2025-06-21,Email,Northeast,38.988557855268056,20.334258039690802,0.5215442467806816
1661,2025-04-28,Email,Northeast,61.422999357328436,27.19615424552096,0.4427682550522692
1662,2025-06-21,Paid Social,Northeast,153.43495555440555,65.21021709823492,0.42500235270777287
1662,2025-01-08,Paid Social,Northeast,61.785570774291735,24.334999544940224,0.393862179145972
1682,2025-03-19,Organic,South,64.56807069472438,28.081249776532076,0.4349092279572555
1682,2025-01-05,Organic,South,47.796800954416696,23.80507458982226,0.49804744490169767
1682,2025-03-05,Organic,South,43.399266127696805,20.639992471203687,0.47558390527787137
1683,2025-03-06,Email,West,37.62119206745396,17.074129094065896,0.4538433833636202
1688,2025-05-04,Paid Social,West,29.397157247385323,11.655077248140719,0.39646953445396016
1688,2025-05-09,Paid Social,West,47.15770534777392,17.940375654417217,0.3804336008741802
1689,2025-01-20,Email,Northeast,66.08507252925995,32.39451798340381,0.4901941806761392
1689,2025-03-19,Email,Northeast,76.83154494020329,34.7545861235762,0.4523478754803788
1695,2025-01-11,Paid Social,West,38.22228555506452,17.16192727755063,0.4490031673492284
1695,2025-03-21,Paid Social,West,66.3236202848548,31.529269270855835,0.4753852267931104
1710,2025-03-16,Email,West,76.8278590942222,39.990128578957695,0.5205159827493505
1710,2025-06-01,Email,West,42.49273218949119,20.213335476223715,0.4756892398936551
1710,2025-05-13,Email,West,64.17312448474911,28.692444970492904,0.44710998881333464
1716,2025-02-07,Organic,South,34.33005824617721,16.625340967597896,0.48427942791064726
1718,2025-03-02,Email,South,103.55380718937852,49.29271933383118,0.47601069117318867
1718,2025-03-23,Email,South,17.189927715428883,7.653754305971149,0.4452464508679402
1736,2025-04-11,Organic,Midwest,43.58903709939522,22.180965897329013,0.5088657004913918
1736,2025-05-19,Organic,Midwest,57.77044240461672,30.039649851883144,0.5199830328715386
1736,2025-06-21,Organic,Midwest,17.763625727057118,7.4718627395922805,0.42062712052142165
1736,2025-02-01,Organic,Midwest,36.50255265858544,16.673963970670748,0.4567889847766308
1739,2025-05-03,Paid Social,Northeast,51.926002979328295,23.19529549379726,0.44669903637742525
1742,2025-03-29,Email,Midwest,37.58553722276521,18.649209425614952,0.49618046737188315
1742,2025-04-02,Email,Midwest,38.08537254512292,20.71324888690958,0.5438636280206754
1742,2025-03-18,Email,Midwest,32.34408098666236,14.996190253652465,0.4636455820103963
1747,2025-02-20,Paid Search,Midwest,50.361242760912695,21.833755982988865,0.4335428354427919
1747,2025-04-30,Paid Search,Midwest,214.94348450548546,103.13528372669543,0.47982512223608886
1747,2025-04-19,Paid Search,Midwest,52.52691603133485,23.274166372631758,0.44309028839133807
1748,2025-06-30,Paid Search,West,287.5025028781265,132.90557212879318,0.46227622646169586
1748,2025-02-26,Paid Search,West,52.85058958137571,24.312493896365,0.4600231348210467
1748,2025-01-09,Paid Search,West,32.74031301863591,15.147588317997322,0.4626586285041092
1754,2025-05-06,Paid Search,West,78.58842241408603,39.79786717095415,0.5064087806885517
1754,2025-02-12,Paid Search,West,65.785954941609,28.299430573153042,0.4301743525387957
1755,2025-05-08,Organic,West,65.62889357279758,30.990067203496775,0.4722015794631924
1755,2025-05-09,Organic,West,68.27252212875334,29.22278056791199,0.4280313610327962
1755,2025-04-03,Organic,West,44.53051686853092,20.810041042711003,0.4673208960082196
1761,2025-01-21,Paid Social,West,62.304847139974015,27.746810008598803,0.4453395085981488
1761,2025-05-17,Paid Social,West,125.25697913909153,53.76360197365172,0.4292263979474546
1762,2025-05-24,Organic,West,11.621487994296302,5.1231182815660485,0.4408315255396226
1762,2025-05-16,Organic,West,99.66924258022233,47.309293381907025,0.4746629166347729
1774,2025-02-05,Organic,Midwest,24.75280269135953,13.047152643538814,0.5270979939614349
1776,2025-03-30,Paid Social,South,101.30856877203571,44.448565859857936,0.4387443865669052
1776,2025-04-01,Paid Social,South,25.408381170035888,11.008597668633525,0.4332663932803389
1777,2025-06-27,Email,Midwest,77.11646218102975,32.91066334037851,0.4267657308127183
1777,2025-05-09,Email,Midwest,44.451401039165056,22.815853144457982,0.5132763559995664
1786,2025-06-04,Organic,West,15.961989378879698,6.990350169943781,0.4379372773667641
1786,2025-01-21,Organic,West,13.770026279437861,6.143058865737062,0.4461181657227631
1786,2025-01-18,Organic,West,78.53294662377017,30.690122352323606,0.39079295597237135
1793,2025-03-19,Paid Social,West,40.46014683200179,18.436470400771142,0.45566988368388445
1794,2025-05-31,Email,West,64.7112889261789,28.587247267898647,0.4417660000639193
1794,2025-02-17,Email,West,50.17408200769016,23.341658372432228,0.46521346158071536
1804,2025-03-27,Paid Search,West,33.57449901668602,14.06206699267534,0.41883177424886386
1815,2025-04-10,Paid Search,Northeast,23.131548871604934,11.151592452154357,0.48209449847275304
1815,2025-05-11,Paid Search,Northeast,38.76379369824036,14.697731312309966,0.37916132323697593
1827,2025-02-05,Paid Search,Midwest,31.092060824835276,14.512659543826555,0.4667641564702697
1827,2025-04-28,Paid Search,Midwest,26.42427014571746,11.608016666526256,0.4392937478504983
1831,2025-01-05,Organic,West,24.053691083178713,11.774739922546418,0.48951904644608824
1832,2025-03-20,Email,South,50.6261930918982,22.2409708137262,0.43931746503936636
1832,2025-04-25,Email,South,59.53243212318543,31.053249614533982,0.5216190319635878
1837,2025-04-29,Paid Search,West,62.036713953955086,27.62744298558901,0.4453402062219908
1838,2025-02-14,Paid Social,South,17.397484247015775,7.541964693935224,0.43350892501764515
1841,2025-02-04,Paid Social,South,20.843952071775693,9.05894280923333,0.43460773552151044
1843,2025-01-05,Paid Social,Northeast,45.48165797839437,21.448977976357643,0.47159621987718164
1843,2025-05-30,Paid Social,Northeast,34.6543830146917,14.975136946130313,0.4321282228508184
1845,2025-03-10,Organic,West,29.582288287702713,13.33321970803525,0.4507163062695808
1845,2025-03-31,Organic,West,37.10216877192192,16.726503074426432,0.45082278551556454
1850,2025-04-19,Email,South,37.31449309861572,18.717220767065065,0.5016072633654356
1850,2025-05-30,Email,South,59.66113827215453,27.938116390267307,0.46827997586674913
1852,2025-05-26,Organic,West,138.99671694349718,68.90517993858101,0.4957324277420977
1852,2025-04-26,Organic,West,90.72315889935017,48.467067632006675,0.5342303797619842
1856,2025-06-10,Paid Search,West,37.14639459830625,15.963627512346015,0.4297490425376007
1856,2025-01-16,Paid Search,West,58.25638191093419,22.19407859719434,0.38097248523133426
1856,2025-05-21,Paid Search,West,72.23192905124976,32.216376155000056,0.4460129554638088
1856,2025-05-29,Paid Search,West,38.32819669134016,14.09914772866184,0.3678531458759548
1858,2025-03-15,Paid Social,Northeast,27.20090526331141,13.492880924807515,0.4960452894561093
1858,2025-02-06,Paid Social,Northeast,50.43203790227067,23.549082449686498,0.46694687403513024
1858,2025-05-14,Paid Social,Northeast,71.90398027188506,29.39925391666573,0.4088682407496854
1866,2025-03-27,Organic,South,128.03148821788295,58.10753726048361,0.4538534861173891
1866,2025-01-05,Organic,South,45.417344487599266,21.152208065557428,0.4657297405693285
1867,2025-03-18,Paid Search,Midwest,43.70907392074508,21.516009710987937,0.4922549892043371
1884,2025-03-30,Organic,West,77.38020418200864,33.73185765559251,0.4359236062010208
1884,2025-03-26,Organic,West,23.460234886279686,10.097128890338206,0.4303933417240992
1897,2025-03-29,Email,West,55.65413899945552,22.26016409035009,0.39997320038618994
1898,2025-04-16,Paid Search,South,26.442364922772057,11.201747488786419,0.42362880633038685
1898,2025-02-24,Paid Search,South,38.85129716365174,16.782318522328286,0.43196288792203785
1899,2025-04-01,Paid Social,West,37.19144743584306,18.575997847812637,0.4994696127344084
1903,2025-01-28,Organic,Northeast,30.242251096869225,15.394684716015826,0.5090455954057446
1903,2025-04-20,Organic,Northeast,80.3671241440478,39.79778092911748,0.49519976424420814
1903,2025-01-03,Organic,Northeast,25.33436561842723,11.55960150593318,0.4562814668438027
1906,2025-04-14,Paid Search,Midwest,29.451568633984557,12.374607241862734,0.4201680187446284
1911,2025-02-25,Paid Social,South,121.36473360802438,53.41896262606996,0.4401522669558928
1914,2025-06-15,Paid Social,South,44.41770032667312,19.55389721659971,0.4402275910906956
1914,2025-05-31,Paid Social,South,64.10891103229434,25.483866434484007,0.39750895817972504
1914,2025-01-06,Paid Social,South,52.19554735080485,21.521345320325715,0.4123214797553772
1914,2025-02-12,Paid Social,South,70.38812985905194,32.41276047793873,0.46048617206968506
1925,2025-04-20,Organic,Northeast,28.527629031295543,13.123281347622072,0.46002005050000805
1925,2025-02-09,Organic,Northeast,108.10097571354689,52.152328225391535,0.48244086495193367
1925,2025-05-22,Organic,Northeast,36.67435120711626,17.995464288484193,0.49068255323334437
1929,2025-02-21,Email,Midwest,16.199003561034093,6.9121235730932975,0.42670054037892
1932,2025-03-08,Email,South,20.815073302606603,10.486667544297475,0.5038016149087625
1932,2025-01-03,Email,South,94.80224769104143,45.55734437435602,0.4805513105852349
1932,2025-02-27,Email,South,72.26342311698836,38.51556755789196,0.5329884178824261
1936,2025-05-13,Organic,Midwest,42.32114588783372,21.735597295284336,0.5135871640359525
1936,2025-03-12,Organic,Midwest,41.21369718152718,21.260350131146765,0.5158564163148189
1936,2025-03-14,Organic,Midwest,95.6102592940625,39.233784450269916,0.41035119808221643
1937,2025-03-28,Paid Search,Midwest,28.221162357548206,11.791562715866503,0.41782696851650614
1937,2025-05-29,Paid Search,Midwest,41.12160700094938,16.719259872008916,0.4065808972792069
1945,2025-06-03,Organic,West,47.095325721077955,22.007004828736175,0.4672863918400873
1947,2025-06-26,Paid Social,South,48.779287916412876,23.611565036237742,0.48404898974126076
1950,2025-04-17,Paid Social,West,49.1520328515396,18.12117441611965,0.3686759908965197
1952,2025-06-15,Paid Search,Northeast,42.39617107960336,20.242372774635893,0.4774575689070757
1952,2025-06-20,Paid Search,Northeast,76.2489273434122,32.54216578320178,0.42678850597644996
1952,2025-06-30,Paid Search,Northeast,158.6422081047122,75.22765863221763,0.4741969966943691
1952,2025-05-08,Paid Search,Northeast,51.058988141606356,21.4391406115675,0.41988964904883064
1952,2025-01-21,Paid Search,Northeast,18.279826755326503,9.545942881398004,0.5222118901436765
1952,2025-05-28,Paid Search,Northeast,65.88119803297019,27.099400037259194,0.41133738982246987
1953,2025-04-02,Email,West,47.024584624123335,22.1650839154729,0.471350977209958
1953,2025-03-28,Email,West,84.31555884944974,36.694937576904614,0.4352095636633984
1954,2025-03-14,Email,Midwest,170.01186790138374,82.07273841052832,0.48274711303175044
1954,2025-04-17,Email,Midwest,25.773907165386717,13.03597803132531,0.505781989035488
1956,2025-02-01,Organic,Midwest,37.31713969922136,19.062626199508763,0.5108276345174042
1956,2025-06-26,Organic,Midwest,101.65289517389895,48.80559064044363,0.4801200256711947
1962,2025-06-19,Paid Social,West,90.90375739507644,44.42975503337025,0.4887559800226329
1968,2025-01-15,Paid Social,Northeast,27.223798634675127,11.199766249535738,0.41139616112464644
1978,2025-05-01,Paid Social,Northeast,27.048512545586796,11.46148997070318,0.42373827216510745
1985,2025-02-13,Paid Search,Northeast,119.91643720186153,48.33366032466907,0.40306117703702726
1987,2025-06-15,Email,Midwest,58.732509142057495,29.065219723265585,0.4948744766372054
1987,2025-02-10,Email,Midwest,120.23931216774548,53.0369493807917,0.44109491666752065
1989,2025-03-27,Paid Social,Midwest,47.84574927125547,21.421090890267443,0.4477114731514237
2001,2025-04-16,Paid Search,Midwest,107.66342858681217,43.82216242347292,0.4070292298757496
2001,2025-03-31,Paid Search,Midwest,162.01609795153047,78.44577550703454,0.48418506863745575
2004,2025-04-10,Paid Search,Midwest,48.545748467459426,21.645356898237367,0.4458754387677514
2023,2025-06-21,Organic,West,31.09924136220983,15.584853160871875,0.5011329047984358
2029,2025-01-30,Paid Search,Midwest,50.232453110653054,23.474014159637605,0.4673077404348256
2031,2025-03-02,Paid Search,Midwest,78.75817117858345,38.58527429711442,0.48992090242449443
2034,2025-03-26,Organic,Northeast,51.772052270355424,25.595237365376914,0.49438328679183335
2034,2025-05-23,Organic,Northeast,11.606147987998852,5.444758519010379,0.46912709752111054
2043,2025-03-29,Paid Social,South,93.16392905247501,39.24681971323882,0.4212662573637579
2043,2025-05-21,Paid Social,South,63.61697242342132,27.014406987795407,0.42464150616903207
2045,2025-06-17,Organic,Midwest,19.602903125555123,8.371431564524805,0.4270506011740411
2046,2025-02-24,Email,West,29.388091080670826,15.857258453884755,0.5395810980153934
2046,2025-06-13,Email,West,120.98169319329799,58.29030443340349,0.4818109492009705
2047,2025-05-09,Paid Search,Northeast,43.371384384814604,20.804549675534332,0.47968378161381725
2049,2025-05-23,Paid Social,West,136.73045362509293,67.96123108915518,0.49704531278380004
2062,2025-06-27,Paid Social,South,46.26408719629093,18.480414127088608,0.39945485250101753
2068,2025-02-03,Paid Search,South,44.427654656532084,17.889767611985906,0.4026718887209055
2068,2025-04-04,Paid Search,South,13.395233665817132,5.687679262128546,0.42460470672062645
2068,2025-03-27,Paid Search,South,50.4728190248637,23.599015004460007,0.46755888536431384
2073,2025-03-16,Paid Search,Northeast,32.750646573024724,15.287954172208286,0.46679854512552754
2083,2025-03-02,Paid Social,South,72.86070406236163,28.726808372376446,0.3942702550306007
2085,2025-02-22,Paid Social,Northeast,59.27972241508742,27.850831112811505,0.4698205385948826
2085,2025-01-23,Paid Social,Northeast,15.742093279293462,7.362367895947515,0.46768671518620003
2090,2025-03-04,Paid Social,Northeast,17.655327917880427,7.407014682439972,0.4195342458034167
2100,2025-04-06,Paid Social,West,82.05003243426172,31.372713365580704,0.38236076738563685
2103,2025-03-29,Paid Search,South,57.10397035750404,25.220909119428114,0.4416664719025764
2112,2025-02-18,Paid Search,South,75.74838866231303,33.20566484987404,0.43836793674787167
2112,2025-06-15,Paid Search,South,100.64152158407015,41.583049898924806,0.41317986099990267
2112,2025-06-08,Paid Search,South,288.07580109121415,119.03864150576062,0.41321985760292695
2113,2025-01-30,Paid Search,West,44.363920034139646,19.06412818387889,0.42972145313597965
2113,2025-01-25,Paid Search,West,70.4878364527832,33.18674378862895,0.47081518540946193
2113,2025-06-20,Paid Search,West,95.10183870251406,45.75226778405633,0.4810870999789287
2113,2025-04-30,Paid Search,West,95.61386876238217,40.931887568038256,0.4280957155887231
2113,2025-03-29,Paid Search,West,65.57037813019211,28.083275213243187,0.42829210405776424
2122,2025-06-24,Paid Social,Northeast,20.29922227519473,9.477066127300578,0.46686843460408706
2122,2025-03-21,Paid Social,Northeast,71.22544530558288,32.2269107664429,0.45246345078191946
2122,2025-03-10,Paid Social,Northeast,59.025598087116684,22.647035418961533,0.383681591595844
2122,2025-01-21,Paid Social,Northeast,217.23844818623175,104.71930494903962,0.4820477490212369
2123,2025-04-17,Organic,Northeast,105.76081515823131,54.99029686789321,0.519949631492731
2125,2025-04-16,Organic,West,47.1731116753603,26.719673532779478,0.5664174480721362
2132,2025-05-07,Paid Search,West,35.90229793547949,13.762418332280799,0.3833297344090183
2147,2025-06-21,Paid Social,South,62.988675275945724,28.866699020718038,0.4582839517461915
2153,2025-03-06,Email,Northeast,63.776386369185424,29.353642481976358,0.4602587909583889
2154,2025-03-29,Organic,Northeast,43.51434090145475,22.177749745814648,0.5096653031247731
2158,2025-01-13,Paid Social,Midwest,69.20589536727374,33.33601303721189,0.4816932554704857
2159,2025-06-21,Paid Social,Northeast,45.46489072165052,19.23852250975243,0.42315118774916544
2159,2025-01-23,Paid Social,Northeast,24.605494728521997,11.810643857918894,0.48000025962608783
2159,2025-04-11,Paid Social,Northeast,57.10754274692977,26.21755929334217,0.4590910067611285
2159,2025-03-08,Paid Social,Northeast,50.65528582483955,21.881940348927678,0.43197743320594495
2168,2025-02-19,Paid Search,West,497.9348801162881,204.7147432718202,0.41112754186654077
2168,2025-05-14,Paid Search,West,273.38464967407344,127.73559899871911,0.4672376417293519
2171,2025-03-20,Email,Northeast,34.03608653043044,14.733494816347704,0.432878639063719
2171,2025-05-15,Email,Northeast,48.71427667457293,23.91779459228945,0.4909812117722291
2171,2025-03-17,Email,Northeast,31.625077774653114,15.253657499619967,0.48232790471887715
2172,2025-05-31,Paid Search,Midwest,67.33054590537697,25.96404140268689,0.38562053899244303
2172,2025-06-22,Paid Search,Midwest,49.282744186343386,19.805967543003792,0.40188442973295657
2172,2025-04-10,Paid Search,Midwest,121.13902755859387,49.67594959403256,0.41007386797788803
2172,2025-01-22,Paid Search,Midwest,21.3562420958881,9.972734632155175,0.46697048045148876
2175,2025-03-06,Paid Search,South,69.26298016202328,31.320647039444733,0.4521989519679629
2175,2025-03-07,Paid Search,South,71.58081792628178,33.32794496402286,0.46559882842280426
2190,2025-04-18,Email,Northeast,73.54765878422745,32.36348172883852,0.4400341528720284
2190,2025-03-14,Email,Northeast,34.53507240078598,14.967711662973013,0.4334061179681316
2191,2025-02-15,Paid Search,Midwest,34.16280434270318,16.132653655979446,0.4722286113910673
2191,2025-06-09,Paid Search,Midwest,54.86745440380823,26.42092305413373,0.4815408941643903
2191,2025-06-25,Paid Search,Midwest,42.45767584510542,20.013494712608267,0.47137518279666857
2191,2025-06-15,Paid Search,Midwest,106.6037567135818,52.0978703379398,0.48870576369943536
2191,2025-02-12,Paid Search,Midwest,54.94750945154799,21.689648796248907,0.39473397452844633
2195,2025-04-27,Paid Search,Midwest,108.61085996502374,46.77106579227718,0.4306297345158578
2195,2025-04-10,Paid Search,Midwest,55.8959323557261,26.00045488144225,0.46515826439701036
2195,2025-03-29,Paid Search,Midwest,81.03898395383221,29.183659340904242,0.36011877144869103
2196,2025-04-07,Paid Social,Northeast,95.61883525257103,39.00312686231314,0.4079021330817184
2196,2025-03-01,Paid Social,Northeast,66.72257138153826,27.82709744048448,0.41705673004359173
2197,2025-02-09,Paid Social,Northeast,19.947787439731865,8.02242643026706,0.40217124102134993
2200,2025-06-05,Paid Social,Northeast,120.43127215259528,55.22972274980809,0.45859951292242407
2200,2025-06-27,Paid Social,Northeast,12.958784656867914,4.718785610020011,0.3641379755098517
2203,2025-04-29,Paid Social,West,106.270933433574,45.83924025483276,0.43134316010769924
2204,2025-03-15,Paid Search,Midwest,75.7983979532243,36.18707490662432,0.477412133815224
2204,2025-02-24,Paid Search,Midwest,43.89079863277887,19.880180716280343,0.452946433775604
2212,2025-03-26,Organic,Northeast,84.83996350791101,32.98738873728661,0.3888189878135751
2212,2025-02-13,Organic,Northeast,41.673600962677405,19.546518701875314,0.4690383900201243
2213,2025-03-10,Paid Search,South,49.66451180720437,23.520448765514274,0.47358662976130134
2214,2025-03-06,Organic,South,30.180314640354954,12.868240367288253,0.42637860209985234
2214,2025-01-06,Organic,South,29.754119389255685,13.243637756110177,0.4451026623524439
2214,2025-06-17,Organic,South,117.8670547606023,50.6532396518824,0.4297489213993113
2216,2025-01-15,Paid Social,West,47.82173155625494,23.664648335657713,0.4948513482373569
2216,2025-03-28,Paid Social,West,65.49114089357477,27.4975069793165,0.4198660552272382
2225,2025-02-25,Paid Search,Northeast,197.39935089366634,81.9337061041011,0.41506573214739984
2225,2025-06-09,Paid Search,Northeast,23.57042164405266,10.774175194855788,0.4571057470910518
2225,2025-05-31,Paid Search,Northeast,78.83669041521524,31.37437539504588,0.3979666730021777
2228,2025-01-29,Email,West,29.47932208910335,15.457608588885526,0.5243542759281846
2228,2025-03-11,Email,West,23.00866106325455,12.900837047896973,0.5606948188958268
2238,2025-05-06,Paid Search,Midwest,11.389785535308322,5.164795039668855,0.4534584978494982
2238,2025-03-26,Paid Search,Midwest,55.54999019966111,23.448463916385464,0.42211463642217734
2238,2025-03-31,Paid Search,Midwest,20.227010099408858,7.511569848416288,0.37136333108548836
2241,2025-01-02,Organic,West,43.66824783250917,21.84371867688038,0.5002197193865574
2241,2025-06-25,Organic,West,45.714445702713064,22.680662559974905,0.49613775714289915
2243,2025-06-10,Email,South,25.3839962708574,11.194849207716686,0.44101996739454125
2245,2025-03-14,Organic,West,45.624765335073285,22.74464566252456,0.49851534567872047
2256,2025-06-23,Email,South,117.25641214175671,59.13370629522896,0.5043110667904411
2264,2025-03-16,Paid Social,West,53.79293229004819,21.832936099408904,0.40586997529130875
2268,2025-05-20,Email,Northeast,50.860697890745215,26.508019051177737,0.5211886613927338
2270,2025-06-11,Paid Social,Midwest,137.77118092551473,60.210911469603666,0.4370356054518861
2271,2025-06-19,Paid Search,South,55.92152138067994,25.61114969057949,0.45798377902193066
2276,2025-01-26,Email,Midwest,64.15469902927771,31.202648125679325,0.4863657471363033
2276,2025-06-23,Email,Midwest,22.588243049794375,10.892452865005446,0.4822177998082326
2286,2025-06-18,Paid Search,Midwest,17.28404824192766,6.93864197112793,0.40144773226773145
2286,2025-01-05,Paid Search,Midwest,35.524288290623495,15.30179452346965,0.43074176175708223
2286,2025-06-06,Paid Search,Midwest,267.7806255160528,96.08746479138512,0.35882904002561944
2287,2025-06-26,Organic,West,42.901721947603306,21.162587959556255,0.4932806190250948
2287,2025-04-21,Organic,West,57.01190032194489,28.907315005597546,0.5070400187041407
2289,2025-05-27,Paid Social,West,47.020022236003044,21.067377931863593,0.4480512115907165
2289,2025-04-11,Paid Social,West,61.03218063460128,26.645397597973236,0.43657947857866686
2293,2025-06-26,Paid Search,West,61.631034869899736,24.455310988909506,0.39680188788868365
2293,2025-05-11,Paid Search,West,89.88842880500121,40.905017724187736,0.45506433106006033
2293,2025-04-06,Paid Search,West,76.00543079947872,24.93869055480734,0.3281172186314137
2298,2025-03-28,Paid Search,Northeast,266.2570288690525,123.67953367302896,0.46451180725018765
2304,2025-03-31,Paid Search,West,45.27226672907431,20.838764513217775,0.46029867772966865
2310,2025-05-05,Paid Social,West,106.00185682410604,44.655185375625386,0.42126795429370517
2310,2025-03-05,Paid Social,West,48.600111402487784,22.564356788184977,0.46428611246002066
2315,2025-05-22,Organic,South,65.0526782398719,33.83013482901764,0.5200421526731634
2317,2025-05-23,Paid Search,Midwest,65.22991024651131,32.06877672378844,0.4916268718230158
2320,2025-01-04,Paid Social,Northeast,60.54829036170159,24.78794544092124,0.4093913352935937
2324,2025-03-29,Paid Social,South,31.43166863454224,14.084541310553446,0.44810033709362335
2324,2025-05-19,Paid Social,South,49.90954936353359,22.143325855908966,0.4436691202042386
2326,2025-03-03,Organic,Northeast,47.54379012910538,25.584483970506316,0.5381246194514895
2331,2025-03-18,Paid Search,Northeast,58.769065091357504,27.99138228082219,0.4762944967273023
2333,2025-02-25,Email,South,67.37152290111031,29.278348394390516,0.43458047456291055
2333,2025-06-22,Email,South,51.254108859123264,25.069922857645608,0.48913001153824853
2335,2025-02-12,Paid Search,Northeast,22.410811883483035,8.959137027880933,0.3997685168418149
2337,2025-04-11,Paid Social,Northeast,52.829240198037255,23.84117660332979,0.45128751642003645
2342,2025-03-23,Paid Search,Midwest,23.05106381313486,10.115538822694093,0.4388317565165951
2342,2025-02-19,Paid Search,Midwest,42.451535414076474,19.725944812222515,0.46466976093594026
2342,2025-05-29,Paid Search,Midwest,52.013285262871186,22.741081273751846,0.4372167833433353
2344,2025-03-01,Paid Social,West,73.70175519171123,34.06858685398735,0.46224932859969153
2344,2025-06-18,Paid Social,West,54.429575894792706,23.769203192877676,0.4366964614756751
2350,2025-01-07,Paid Search,Midwest,77.64127378130951,26.233860348227893,0.3378854965996596
2351,2025-05-02,Email,Northeast,59.831214409082776,28.272614511927607,0.47253953962257594
2353,2025-03-27,Email,Northeast,117.66172856429921,50.847858796554874,0.43215291341540835
2354,2025-05-19,Organic,Midwest,82.05275950362422,38.62677090260288,0.47075529374361574
2354,2025-01-10,Organic,Midwest,43.35831309603413,18.242301650613037,0.4207336574697509
2358,2025-01-04,Paid Search,South,17.37097647976391,7.685790814995945,0.4424501307654987
2358,2025-03-15,Paid Search,South,64.50823883475272,30.82196957194187,0.4777989622518893
2364,2025-03-22,Paid Social,South,50.34351382398765,21.80380037818764,0.4331004874713091
2364,2025-04-22,Paid Social,South,91.91804415475899,39.16042489274458,0.42603631585993745
2366,2025-05-21,Paid Search,Midwest,30.81213986621187,14.731651745640171,0.47811193281628195
2368,2025-03-16,Email,Northeast,194.45794230335548,91.5513014562119,0.47080258266536296
2368,2025-05-07,Email,Northeast,52.81519093951332,22.59318387346047,0.42777813488046174
2376,2025-03-25,Paid Search,Northeast,101.33309491076142,43.99806811840714,0.4341924832864708
2376,2025-01-11,Paid Search,Northeast,24.986676414932173,12.362247817870667,0.49475358837572014
2376,2025-02-20,Paid Search,Northeast,30.871801930273314,12.7019425920466,0.4114415679633815
2376,2025-02-28,Paid Search,Northeast,68.96323572199131,31.249121012727826,0.4531272450541784
2377,2025-03-06,Paid Social,Midwest,28.08667608112504,12.83358628685299,0.45692791307111935
2377,2025-05-22,Paid Social,Midwest,42.39155622462181,21.358451102922732,0.503837391336847
2377,2025-02-13,Paid Social,Midwest,32.05688699205698,13.948114398731304,0.4351050806083371
2379,2025-01-27,Paid Social,West,50.27274966629919,21.24307341946127,0.42255642590605624
2397,2025-01-24,Paid Search,South,114.35754480487867,53.532481491297716,0.46811499479668733
2397,2025-01-29,Paid Search,South,80.10512381758127,28.51010128867646,0.35590858524357133
2402,2025-04-12,Paid Search,West,28.573581934115097,12.725196224016175,0.44534830296593214
2402,2025-05-24,Paid Search,West,72.99473146243633,33.229819355661085,0.4552358600395895
2407,2025-03-13,Paid Social,South,45.218654816373835,24.39928724574201,0.539584544140551
2418,2025-01-23,Paid Search,West,46.7249925388973,18.898149968361434,0.40445485256373737
2420,2025-06-01,Paid Social,South,55.37489335444265,23.50238888294953,0.42442318999182266
2420,2025-05-29,Paid Social,South,24.56525826593487,12.916153458819515,0.5257894429194991
2422,2025-05-02,Paid Search,South,175.95301208248193,81.59692388902539,0.46374269427553194
2423,2025-02-06,Organic,Northeast,38.707924803182664,19.521106832172624,0.5043180932956537
2423,2025-02-21,Organic,Northeast,27.515046144618477,13.925158611944546,0.5060925043975656
2423,2025-05-27,Organic,Northeast,35.45587241654412,17.99127174509834,0.5074271346007948
2426,2025-06-25,Organic,Northeast,47.803460359465674,21.63197559868298,0.4525190318026754
2428,2025-04-29,Organic,West,34.83942928920082,17.12588091784901,0.4915660579766592
2430,2025-02-01,Organic,Midwest,15.947233187662317,7.806500171717251,0.48952066354411883
2430,2025-04-12,Organic,Midwest,43.96191135782151,21.49180244558716,0.4888732491783125
2431,2025-04-17,Email,Midwest,48.69665623485136,24.166973505387748,0.49627583029185196
2431,2025-04-11,Email,Midwest,38.31240569193034,15.204871334697442,0.3968654815612378
2451,2025-04-11,Paid Search,West,26.502840205897435,13.623545661544798,0.5140409690321898
2453,2025-01-11,Email,South,54.47368621734422,32.68999135563755,0.6001060993964675
2454,2025-04-21,Paid Social,South,34.309650228015386,15.533236287859866,0.4527366552742142
2458,2025-04-13,Email,South,34.824435496141476,14.601335071846178,0.4192841854813123
2458,2025-06-02,Email,South,36.737415888906796,15.681532412678356,0.426854530544527
2458,2025-01-05,Email,South,28.072359697829366,12.975680336245386,0.4622226444771831
2460,2025-03-15,Paid Social,South,56.2576005364025,25.538100630171765,0.4539493399411316
2465,2025-06-16,Email,West,35.856968849371704,16.921912895683132,0.47192814782445397
2465,2025-04-26,Email,West,42.1844788927286,18.361986904992524,0.4352782679071474
2469,2025-01-25,Paid Social,West,205.79696219244988,93.24472472421995,0.45309087039400836
2469,2025-03-04,Paid Social,West,62.15753451070283,24.696507213089692,0.3973212162853279
2469,2025-04-21,Paid Social,West,76.05900457924547,41.64091695616041,0.5474817503399609
2470,2025-01-28,Paid Social,West,31.392696196520802,14.845514989221705,0.4728970998950707
2476,2025-04-30,Organic,West,109.74477114759539,48.96959919111271,0.44621350683991723
2476,2025-01-09,Organic,West,28.396620759298855,14.664499765321683,0.5164170726377573
2478,2025-04-30,Organic,Northeast,33.74477783794311,15.888360619153366,0.4708390938430854
2478,2025-02-18,Organic,Northeast,42.88987413375497,20.445146537987803,0.4766893573580615
2489,2025-02-25,Email,South,72.86474880916873,36.72197602587318,0.5039745092932013
2491,2025-02-15,Paid Search,Midwest,47.593342869488936,22.144018809242286,0.46527555061567943
2491,2025-04-13,Paid Search,Midwest,74.1629761290927,30.098659199935373,0.4058448132872091
2493,2025-03-16,Organic,South,55.12068300017158,26.601319783536848,0.4826014181183866
2493,2025-03-25,Organic,South,33.33224576129169,16.34654835469475,0.49041245140697326
2493,2025-01-13,Organic,South,54.11820097510215,30.945546656579054,0.5718140311208053
2500,2025-02-08,Paid Social,West,80.50628969928037,31.608111023940175,0.3926166656295764
2500,2025-05-16,Paid Social,West,58.7508077826779,29.760546156936694,0.5065555228963388
2505,2025-06-11,Paid Search,Northeast,97.59088476811425,40.87290684678842,0.4188188983418539
2506,2025-06-03,Paid Search,West,85.44154723525878,41.28788621478998,0.4832296178006464
2506,2025-02-10,Paid Search,West,93.60628429383533,39.48687391610642,0.42183998877847695
2506,2025-03-06,Paid Search,West,133.6081125519706,51.185449738802845,0.3831013608465791
2507,2025-05-21,Organic,West,21.51237548940307,9.309865064055991,0.43276787673411526
2507,2025-01-14,Organic,West,33.95854421141432,13.774204075139568,0.4056182146497821
2508,2025-03-18,Paid Social,West,31.85516662442121,16.388778390553973,0.5144778736768497
2508,2025-04-02,Paid Social,West,43.55710614464105,17.726696427243372,0.40697599074598617
2508,2025-02-14,Paid Social,West,31.66512011597478,13.477623189383484,0.4256299404524962
2528,2025-04-07,Organic,West,57.88209231389012,29.312216728213798,0.5064125285806171
2544,2025-01-01,Email,South,38.806082307136144,18.56727470031982,0.47846300364377264
2545,2025-04-27,Paid Search,South,42.012726976754344,17.837466535862653,0.4245729287159134
2545,2025-02-28,Paid Search,South,18.543324500046737,8.5374609698851,0.46040616772162846
2555,2025-04-07,Paid Search,West,117.584674387152,48.62990873251428,0.41357352891413773
2556,2025-04-04,Organic,Midwest,25.178334235598744,12.496161078675494,0.49630610832894656
2556,2025-03-06,Organic,Midwest,50.837442710713354,26.39408215475642,0.5191858745718182
2568,2025-01-31,Paid Search,Midwest,39.74798751089747,17.596197646516213,0.44269405191123123
2568,2025-01-23,Paid Search,Midwest,32.26564111994696,16.220131062783235,0.502705990018459
2568,2025-06-10,Paid Search,Midwest,37.65226434949742,16.13926667618367,0.4286400022685248
2569,2025-03-25,Organic,South,163.2148361298762,77.64111111155508,0.47569885772990095
2569,2025-05-26,Organic,South,35.427911632871364,17.210178068820706,0.48578020198211314
2577,2025-03-13,Organic,West,47.25756244811255,23.909238635441298,0.5059346567375953
2577,2025-03-29,Organic,West,56.71017117679731,22.391873836934444,0.3948475797600126
2587,2025-02-24,Paid Search,South,49.655475441276614,18.225231554842818,0.3670336733840416
2587,2025-04-23,Paid Search,South,25.41484849269976,10.77047688842689,0.4237867832074873
2587,2025-02-14,Paid Search,South,63.04452181804772,23.191091629922695,0.3678526057641347
2588,2025-03-27,Email,Northeast,80.22777746781496,42.06844683006939,0.5243626105303244
2599,2025-05-09,Paid Search,West,26.78075076312935,13.907813702897238,0.5193212776560749
2599,2025-03-27,Paid Search,West,87.02050105120951,39.72960795571942,0.456554575942277
2600,2025-06-19,Paid Search,Midwest,69.12024322202052,28.150066283331906,0.4072622573521816
2601,2025-01-04,Email,South,22.492199698748358,11.483834383891125,0.5105696435964943
2601,2025-01-12,Email,South,84.69538555275697,42.21635556709298,0.49844929911554986
2601,2025-03-25,Email,South,28.26686184611686,14.045192353743248,0.4968783740552613
2611,2025-01-09,Organic,West,130.86589206317365,64.91846183915621,0.4960686150965734
2618,2025-01-30,Paid Search,South,52.04545301011025,24.89752433720575,0.4783803943904418
2620,2025-05-09,Paid Social,Midwest,27.963902715999765,12.732924557018073,0.45533431747110287
2620,2025-04-15,Paid Social,Midwest,68.54487548907747,30.89552187861592,0.45073423298491627
2623,2025-04-12,Paid Social,South,87.7981810123673,40.7348169477598,0.4639596911697052
2624,2025-05-20,Organic,South,94.44397488314902,46.791674085074504,0.4954437182781388
2625,2025-05-08,Paid Social,West,55.12892878718865,29.219318182336565,0.5300178839884662
2625,2025-03-26,Paid Social,West,42.24498571173727,18.58890077481297,0.44002620575270457
2625,2025-03-05,Paid Social,West,91.7292304902147,32.46946800127577,0.3539707880220305
2630,2025-06-16,Paid Social,Midwest,94.42677738335641,49.22260553090795,0.5212780409848434
2630,2025-02-26,Paid Social,Midwest,26.880571382095052,10.234155045743309,0.3807268417129036
2630,2025-01-31,Paid Social,Midwest,38.13788560902511,19.08782126764084,0.5004950054998282
2633,2025-06-13,Paid Search,Midwest,52.38661331009287,21.515207406218117,0.41070048332505915
2633,2025-01-01,Paid Search,Midwest,148.71011337647406,65.4525078594019,0.44013487968839443
2633,2025-01-21,Paid Search,Midwest,24.616500321574623,10.425934819153097,0.42353440509232343
2634,2025-02-05,Paid Search,South,53.0858972189861,28.86060853525296,0.5436586748491651
2634,2025-06-19,Paid Search,South,40.81544700811752,16.948996339955215,0.4152593584626021
2639,2025-05-12,Organic,Northeast,63.781388705472025,32.772371537713404,0.5138234240876877
2639,2025-03-03,Organic,Northeast,24.70064046000498,11.214245719608995,0.4540062731477341
2639,2025-03-05,Organic,Northeast,88.47192037526635,41.9432719396033,0.47408569591001176
2641,2025-01-05,Paid Search,West,59.56369355968527,27.812134334563368,0.46693098886983003
2645,2025-03-14,Paid Search,South,76.1845991200543,33.43286262870415,0.43884017261834635
2646,2025-04-14,Paid Social,South,35.558954996612044,13.715618884879472,0.3857149032131641
2646,2025-03-19,Paid Social,South,17.44419642759997,6.9490598213136225,0.39835941140395065
2647,2025-03-29,Organic,West,66.15544483087204,33.61163720537892,0.5080706099295056
2647,2025-04-28,Organic,West,23.401907760515332,12.712088221160501,0.5432073466509796
2649,2025-06-08,Paid Social,Midwest,22.99567450807936,10.805097245057002,0.46987520375889436
2649,2025-02-20,Paid Social,Midwest,22.797911292872424,11.355145883802114,0.4980783431398036
2649,2025-06-24,Paid Social,Midwest,27.47656069692322,12.558842001456522,0.4570747459984263
2651,2025-06-12,Paid Search,Northeast,148.01381701501276,59.0295466800477,0.39881105609255685
2651,2025-05-07,Paid Search,Northeast,18.58882477365852,7.79026899938656,0.41908345977986944
2651,2025-02-28,Paid Search,Northeast,115.00000427800315,50.71056784655145,0.44096144313145225
2651,2025-04-27,Paid Search,Northeast,45.705848431807915,18.71400260503046,0.40944437631327035
2651,2025-05-30,Paid Search,Northeast,56.02812366468142,27.182318717246588,0.4851548997058699
2653,2025-05-01,Paid Social,South,43.76939139321323,21.297749422921225,0.48659002889913605
2653,2025-03-19,Paid Social,South,61.767200633162226,32.63604978114017,0.5283718453579744
2654,2025-04-07,Paid Search,Northeast,92.50669618928949,41.41419968664018,0.4476886689575144
2654,2025-04-02,Paid Search,Northeast,77.93764713794728,33.41047273556609,0.428682080643653
2658,2025-03-09,Organic,South,33.95784048103956,17.30460945800415,0.5095909873204753
2661,2025-06-19,Paid Social,Midwest,58.48269375229532,27.250509666044334,0.4659585240971362
2661,2025-06-22,Paid Social,Midwest,45.23730673419987,19.43368689468802,0.42959425079999186
2663,2025-02-22,Paid Search,South,18.337106400222563,8.711352147875875,0.4750668921117316
2663,2025-06-19,Paid Search,South,56.16679578743313,24.67086602083302,0.43924289564605945
2665,2025-06-14,Email,West,74.7385729386081,35.57578232264517,0.47600296505350587
2665,2025-04-11,Email,West,45.27690525763154,20.357913991947846,0.44963130488068126
2665,2025-04-25,Email,West,44.74866857752412,19.61996667581592,0.4384480544225717
2666,2025-02-23,Paid Search,West,59.35426829607818,28.937052219537538,0.48753110854960274
2673,2025-02-26,Email,Northeast,78.9205960712631,36.19347119267646,0.4586061559899366
2673,2025-03-05,Email,Northeast,47.74852524946954,19.871621176593397,0.41617245920729584
2673,2025-05-18,Email,Northeast,51.176789295064054,25.779976977371234,0.5037435394536891
2686,2025-03-01,Paid Search,Northeast,47.51251027887991,22.12738306202381,0.4657169855295942
2691,2025-04-14,Paid Social,West,100.70122630843542,44.13957292168797,0.43832209934061683
2699,2025-05-25,Organic,West,41.22302298995519,22.201970175078518,0.5385818061059828
2699,2025-06-16,Organic,West,88.83536633448996,49.61250182825574,0.5584769205706972
2704,2025-02-28,Paid Search,South,46.261028968820646,18.814701944365115,0.40670738121813044
2704,2025-01-17,Paid Search,South,94.37822060067143,45.42390903067988,0.4812965188533839
2704,2025-02-17,Paid Search,South,44.29144028695895,20.217534039987015,0.4564659426065178
2705,2025-05-22,Organic,South,81.85494765629545,44.75183009607398,0.5467211375417955
2705,2025-01-03,Organic,South,151.2632849008824,81.36334474686478,0.5378922241453329
2707,2025-03-21,Paid Search,West,47.55402512077774,18.778712551834925,0.39489217798368786
2716,2025-05-26,Paid Search,South,59.73013921445547,24.339246573416855,0.40748685493648473
2716,2025-02-24,Paid Search,South,19.790173014225978,9.539662496846383,0.48204037882786
2719,2025-06-14,Organic,Northeast,119.82306750327959,54.66447633543719,0.45620995584961976
2719,2025-03-27,Organic,Northeast,194.9290518992547,95.08062463231238,0.4877704154712298
2728,2025-03-04,Paid Search,Northeast,37.88204593670313,15.105321582386862,0.39874619252683047
2728,2025-03-01,Paid Search,Northeast,48.94360951546821,22.07059933005684,0.4509393473131894
2729,2025-05-21,Paid Search,West,48.477429307981865,22.31977808380682,0.46041587605660933
2729,2025-02-15,Paid Search,West,95.28484090969073,39.18811223472482,0.4112733133685621
2735,2025-02-28,Organic,Northeast,140.77731888131245,70.38556886555102,0.4999780463562613
2737,2025-04-26,Organic,West,31.32060088238843,15.107680753115513,0.4823560317327935
2737,2025-01-23,Organic,West,20.497075703954735,10.783390806692609,0.5260941103228713
2737,2025-05-13,Organic,West,60.31257973127726,29.94588368217625,0.49651140467876115
2761,2025-06-10,Paid Search,South,38.62198740524237,14.460863256052706,0.37442048500305436
2771,2025-01-14,Paid Search,Northeast,53.47010695328572,21.672819186400282,0.40532589929799073
2771,2025-04-02,Paid Search,Northeast,13.406580706364634,5.218764613693253,0.3892688768296974
2783,2025-04-14,Organic,South,53.44833375600567,27.62035550549467,0.5167673819652261
2783,2025-03-09,Organic,South,204.60915859319525,102.43202409584478,0.500622869475264
2788,2025-01-11,Paid Search,West,59.79913442718566,25.115857668929223,0.4200036992092505
2792,2025-01-11,Organic,South,32.71120825676738,16.4109528457556,0.5016920413620142
2792,2025-06-07,Organic,South,47.20943100149918,21.068311607554634,0.4462733644657905
2795,2025-03-15,Paid Social,South,34.3327979954788,15.481975141195626,0.4509383459872513
2798,2025-06-04,Email,South,18.786729003595124,8.226132686466437,0.4378693430289138
2798,2025-02-02,Email,South,60.53314600775036,30.3632851898222,0.5015976732141865
2798,2025-04-15,Email,South,87.73732925422611,34.4879327536614,0.393081634086784
2805,2025-06-28,Paid Social,South,54.7577828489797,24.463665637074193,0.4467614348912599
2806,2025-06-21,Organic,West,44.16921082976625,18.883830160010444,0.42753379119203927
2806,2025-04-28,Organic,West,14.536023663187061,7.161866506923627,0.49269777436186213
2810,2025-01-23,Email,South,60.63345887652912,30.92886878607518,0.5100957352450757
2810,2025-06-11,Email,South,26.61420738060156,11.485752525472162,0.43156470381469425
2813,2025-02-01,Email,Northeast,23.52746303225305,12.900724492493776,0.5483262039263895
2814,2025-01-12,Paid Search,West,50.90882228607223,21.391315013626024,0.42018876204642264
2815,2025-06-18,Email,South,31.560515277297323,16.41419303205581,0.5200863448469475
2815,2025-02-18,Email,South,55.52411681446809,28.75472790054359,0.5178781680873289
2821,2025-02-13,Organic,South,107.69204181253615,54.900349567233604,0.5097902188798764
2833,2025-01-31,Paid Search,South,21.688291075287566,9.169463169529836,0.42278403299270817
2838,2025-03-07,Paid Search,Midwest,100.40735870132296,48.50453008519877,0.4830774428543919
2841,2025-02-11,Paid Social,West,133.82220779863877,65.61901530952899,0.49034473716250004
2848,2025-05-13,Paid Search,South,48.26499307323614,20.465969362839562,0.424033405159408
2852,2025-01-05,Paid Search,West,45.39946989056884,21.739998915182003,0.4788601930283378
2853,2025-05-03,Paid Search,West,72.63455060003807,30.994098763316792,0.42671288673603425
2853,2025-02-17,Paid Search,West,38.4925203356371,19.337343945059636,0.5023662721081102
2854,2025-01-11,Organic,West,25.031625043503016,11.967047598627566,0.4780771355367368
2854,2025-01-27,Organic,West,53.11074142024641,22.042070562908208,0.41502095383111187
2854,2025-06-22,Organic,West,33.82694750835323,16.905666414900104,0.49976919764118294
2854,2025-01-31,Organic,West,52.96084095949627,24.433438617588106,0.46134914353558826
2855,2025-02-16,Paid Search,Northeast,35.045344800818626,13.310897716855242,0.3798192824898191
2855,2025-06-01,Paid Search,Northeast,56.7192344256882,24.902949786392153,0.4390565218051247
2859,2025-03-10,Paid Search,West,91.88688253797946,46.81887007474112,0.5095272446030537
2859,2025-03-02,Paid Search,West,110.61825604607597,43.61391209461611,0.39427408868613467
2866,2025-06-13,Email,South,39.44578864920827,17.645564479009348,0.4473370943583231
2866,2025-05-30,Email,South,216.94740051473133,90.8320396021983,0.4186823137160869
2868,2025-01-22,Organic,Northeast,174.50519483584347,79.83549359062248,0.45749637233277496
2868,2025-06-24,Organic,Northeast,47.11894377198807,22.415373066460898,0.47571892050319475
2869,2025-05-15,Paid Search,Midwest,29.360076034600223,13.594308021683183,0.4630201912850151
2873,2025-01-12,Organic,Midwest,154.74621955139042,55.990954333231045,0.3618243760367712
2873,2025-03-24,Organic,Midwest,86.55250280410708,45.701853956473386,0.5280246379461686
2873,2025-04-23,Organic,Midwest,19.997837417064865,10.405363524854629,0.520324438480301
2883,2025-06-16,Paid Search,South,42.339499587293034,18.469914269836128,0.43623364588322466
2883,2025-05-14,Paid Search,South,15.017239977370336,6.885975646493941,0.4585380307480271
2883,2025-04-20,Paid Search,South,78.48167906288529,34.977935936136475,0.44568281863732273
2893,2025-03-16,Organic,West,49.679386637615124,25.858161749867456,0.5205008253924124
2893,2025-06-30,Organic,West,73.95816251248102,33.76267309237588,0.45651043705524946
2893,2025-04-26,Organic,West,110.379789724256,58.96783592487857,0.5342267463290915
2895,2025-01-21,Paid Search,South,119.46277362872343,51.1788164129182,0.4284080710529632
2895,2025-02-04,Paid Search,South,71.29449323550861,33.45342503572112,0.46922873727727765
2895,2025-06-23,Paid Search,South,80.00768213749161,36.53862679113809,0.456688980544983
2902,2025-04-14,Organic,Northeast,62.00575024119485,28.95604557510091,0.4669896818031457
2902,2025-02-09,Organic,Northeast,36.449569160832276,21.029223359559673,0.5769402449386729
2902,2025-03-28,Organic,Northeast,63.111192455107705,32.88277831429568,0.5210292665233014
2902,2025-01-29,Organic,Northeast,68.25867617264093,32.43039620525287,0.4751102427364603
2906,2025-05-03,Paid Search,Northeast,60.01970331978028,26.707577962935726,0.44498017293820735
2906,2025-05-12,Paid Search,Northeast,36.524134227742316,14.365809718966458,0.39332375763899
2906,2025-05-29,Paid Search,Northeast,510.6615256663727,201.1363217696033,0.3938740470160473
2907,2025-04-29,Organic,Northeast,53.834900245111115,25.753426523653268,0.4783778999570451
2907,2025-02-10,Organic,Northeast,30.00338491975487,14.259026885930243,0.47524727373483105
2907,2025-04-17,Organic,Northeast,45.15475499095904,26.653457143231677,0.590269112268869
2917,2025-02-22,Email,South,32.932006646174464,15.311073855918009,0.46492987871714203
2917,2025-02-13,Email,South,31.42306835954199,17.257281662296126,0.5491914877579339
2918,2025-06-04,Organic,West,30.409730417302324,14.88902878362464,0.4896139682696161
2920,2025-02-16,Paid Social,South,41.080447978050096,17.422822800888753,0.4241147226582833
2921,2025-05-17,Paid Social,West,49.86698200910481,24.498552942646448,0.4912780351971863
2921,2025-05-31,Paid Social,West,39.46308272224229,19.074230173166402,0.48334364315679096
2923,2025-03-23,Organic,Northeast,88.50437196501152,43.714605254561185,0.49392594155510083
2923,2025-02-04,Organic,Northeast,186.71997706329034,81.10962328382726,0.43439178045921917
2926,2025-02-26,Organic,Northeast,34.23845673774024,15.280651886975306,0.4463008366300518
2926,2025-03-23,Organic,Northeast,34.11739179220601,16.95267976653316,0.49689260743565794
2937,2025-02-14,Organic,South,31.926181673431373,16.612752940395143,0.5203488820030144
2954,2025-02-28,Paid Social,Northeast,31.395895986936292,11.544908772431436,0.36772031533150784
2955,2025-02-28,Organic,West,37.09224143376759,17.107195321875476,0.4612068362712002
2958,2025-01-21,Organic,Midwest,87.27836495688234,35.936342036091865,0.41174398780093213
2965,2025-03-24,Organic,South,340.33499694058537,151.67087491045524,0.44565171455738795
2967,2025-03-21,Email,West,67.91625491456892,32.81909330256854,0.4832288432842962
2968,2025-05-26,Email,South,66.53205064916845,36.71826845713264,0.5518884221794471
2968,2025-04-10,Email,South,179.59423246760136,94.78446189563843,0.5277700769858379
2968,2025-01-11,Email,South,42.49335159361391,20.355161559617613,0.47901991243911857
2969,2025-05-11,Organic,Midwest,64.77453132414804,31.64449909817554,0.48853304611064663
2973,2025-06-10,Organic,Northeast,51.94964107155771,22.576212448299945,0.43457879559172474
2973,2025-05-29,Organic,Northeast,87.17322248927755,40.21107524565189,0.4612778339196755
2974,2025-06-07,Email,South,87.26101393687951,35.579749356827804,0.40773935290924435
2974,2025-03-23,Email,South,33.66957022843908,16.06959621123141,0.4772735767698689
2974,2025-02-04,Email,South,82.92242122947339,44.580563320295404,0.5376177234010865
2976,2025-02-26,Paid Search,South,27.814623951177893,12.18981048948919,0.43825185308582887
2976,2025-05-18,Paid Search,South,46.358491414601836,17.853409309152475,0.3851162702746852
2976,2025-02-01,Paid Search,South,68.99068533439477,26.13664414218963,0.3788430860703367
2978,2025-06-17,Paid Search,West,113.02740097904442,59.03187990004541,0.5222793710968376
2984,2025-03-14,Organic,West,80.64424993765107,36.22678830012658,0.4492172514238126
2989,2025-04-29,Email,Northeast,23.742508487824917,10.573255679825415,0.4453301842662222
2989,2025-06-12,Email,Northeast,75.99864249421432,34.20083585190842,0.4500190362546553
2999,2025-05-28,Paid Search,South,79.79524297022574,35.630370878542664,0.44652249372606756
2999,2025-06-10,Paid Search,South,49.53038079705005,22.188421636286584,0.4479759953230178
2999,2025-02-03,Paid Search,South,19.884624034678247,8.871098315982362,0.4461285413549387
3001,2025-05-14,Email,Northeast,65.7915253164495,34.085564952402564,0.5180844309119603
3001,2025-01-14,Email,Northeast,69.07821803682282,32.39483804006655,0.46895879715365807
3004,2025-01-29,Email,West,42.46242910396418,21.043045128790904,0.49556856667972343
3004,2025-03-14,Email,West,72.48411704405034,39.33895893078842,0.5427252277472208
3005,2025-06-29,Email,South,38.731960903717834,18.688155621086043,0.48249959942751547
3005,2025-02-28,Email,South,27.123069372238398,11.057172836615665,0.40766672402988235
3005,2025-04-29,Email,South,56.60242589341919,29.139120182343813,0.5148033802864205
3005,2025-05-12,Email,South,17.529696009382956,9.315297112564162,0.5314009499981089
3008,2025-06-03,Paid Search,Northeast,102.37357844347292,44.39277943834522,0.4336351245439501
3010,2025-04-23,Paid Search,Northeast,65.55309729932772,28.06039784912038,0.4280560187872031
3012,2025-06-04,Paid Search,West,118.69434624445964,48.911612683384035,0.4120803916190499
3012,2025-03-27,Paid Search,West,202.8508785858141,96.84469889866513,0.47741818804938485
3012,2025-03-22,Paid Search,West,75.07383132807863,36.489365598721754,0.48604640196475807
3022,2025-03-07,Paid Social,West,20.780928529420155,9.219807344815571,0.44366676550390066
3030,2025-03-11,Email,Northeast,66.25375042178186,33.14245591685158,0.500235167154485
3033,2025-01-14,Organic,Midwest,23.235111386142044,11.594252427587085,0.49899706676259636
3038,2025-01-06,Organic,South,58.02792116957728,29.21332463313543,0.5034356572547926
3038,2025-03-04,Organic,South,49.05192155905902,26.163716406394872,0.5333882052896437
3039,2025-06-16,Paid Search,South,22.840043479180398,9.935381946307087,0.4349983814769696
3039,2025-05-28,Paid Search,South,84.52940056590424,38.78438067181438,0.4588271111845367
3039,2025-05-23,Paid Search,South,40.87009812963017,18.625296763312694,0.4557194040552021
3039,2025-03-20,Paid Search,South,143.168866966864,61.95107698480974,0.4327133286536949
3041,2025-03-04,Paid Search,West,101.7607962851782,47.275992277188884,0.46457962204522163
3041,2025-02-06,Paid Search,West,43.50873627127782,20.280841307123335,0.46613262174915615
3041,2025-03-09,Paid Search,West,32.36885475210912,15.007212061433538,0.4636312336770482
3051,2025-01-06,Paid Search,West,35.681209694718795,15.137395954118103,0.42423998747886066
3054,2025-03-27,Paid Search,South,110.06887812361953,44.2094460786648,0.4016525545850726
3058,2025-01-17,Paid Search,Northeast,83.445750190227,32.00793288574686,0.38357774737215516
3058,2025-02-05,Paid Search,Northeast,36.7767308371069,15.230597299988975,0.41413679120770686
3058,2025-06-12,Paid Search,Northeast,42.82337841001208,20.85152288169514,0.48691914687469084
3066,2025-05-04,Paid Search,Midwest,57.809797212744634,27.88041158375508,0.4822783148875779
3069,2025-01-21,Paid Search,Northeast,62.9050551996327,24.56599356719578,0.3905249504866378
3070,2025-02-17,Email,Northeast,39.113632427704765,17.718679636682946,0.453005219329426
3073,2025-06-30,Paid Social,Midwest,44.132453122335356,20.9042163470116,0.47366993828929066
3075,2025-02-21,Email,South,84.00940489881424,37.39098049272398,0.4450808875239603
3076,2025-05-25,Organic,Northeast,50.34785058736428,25.43337928111897,0.5051532286762992
3076,2025-01-23,Organic,Northeast,35.63811069832883,17.74051917523909,0.49779628682928445
3076,2025-02-02,Organic,Northeast,24.002826563614118,10.745334228052885,0.44766953590131486
3076,2025-06-06,Organic,Northeast,24.874951863630596,13.958935695729059,0.5611643299755796
3094,2025-04-02,Organic,Northeast,93.36796543601196,43.91974094574803,0.4703941093784209
3094,2025-01-07,Organic,Northeast,38.83229690062471,19.331302004928798,0.4978150546798535
3097,2025-04-30,Organic,West,26.59345699133649,11.997142371445229,0.45113135818910677
3097,2025-02-12,Organic,West,39.02274972445109,17.50971688506396,0.4487053579951242
3101,2025-03-02,Paid Search,Northeast,99.90258987021285,41.72921963367076,0.417699077550269
3102,2025-06-02,Email,Northeast,61.520793685689526,30.049173441684196,0.48843930062420493
3107,2025-03-14,Email,Northeast,66.36578734243237,34.39699985151164,0.5182941577115772
3114,2025-05-20,Paid Search,Northeast,23.15072600384281,10.225757284322167,0.4417035250913853
3114,2025-01-14,Paid Search,Northeast,85.78337006689266,41.21634491078954,0.4804701060199618
3115,2025-03-19,Paid Search,South,48.09124416261129,19.461972052441705,0.4046884706628673
3115,2025-01-09,Paid Search,South,20.89379968157709,8.38200310154502,0.4011717939909117
3117,2025-04-18,Email,West,116.19305490711244,53.19571193568876,0.4578217861490492
3117,2025-03-18,Email,West,74.30446045530915,38.09118088277229,0.5126365314997806
3117,2025-03-02,Email,West,154.42527417792473,74.43066473296216,0.4819849932544404
3122,2025-05-09,Paid Search,Northeast,67.79970677888551,31.873213304483645,0.470108424044243
3136,2025-05-01,Email,Midwest,38.03453569252788,13.632642557514798,0.35842799995565644
3162,2025-03-09,Paid Search,South,20.916902516118956,7.505665995534841,0.3588325752223989
3162,2025-04-21,Paid Search,South,29.776316993753678,12.84726514028107,0.4314591741811488
3162,2025-01-14,Paid Search,South,50.21072684148341,19.744203749211742,0.3932268061273982
3167,2025-03-18,Organic,West,54.08977902384237,26.88734863953009,0.49708741882044566
3167,2025-02-10,Organic,West,30.241321475064563,16.340206652119505,0.5403271370132684
3167,2025-02-01,Organic,West,99.90804130797251,51.14065869133188,0.5118773025855621
3167,2025-05-22,Organic,West,33.56179707656138,14.616433966741209,0.4355080847845575
3167,2025-06-10,Organic,West,75.95086425306268,35.18268457689525,0.46322954877339034
3168,2025-01-28,Paid Search,South,52.62239149080226,20.097024653882617,0.3819101352965938
3169,2025-02-09,Organic,South,35.11295830418806,17.13744450395868,0.4880660967240299
3173,2025-01-07,Paid Search,South,48.43195775771861,22.513335939002655,0.4648446393933911
3180,2025-04-09,Email,South,21.564543848789157,9.916331544121247,0.45984425238273924
3181,2025-04-19,Paid Search,Northeast,13.607556307299513,6.0484855575733345,0.44449461909106636
3185,2025-04-13,Paid Social,Northeast,44.0488509732659,21.428443190807172,0.4864699695302497
3203,2025-03-03,Paid Search,South,49.301795633233795,21.581074079696787,0.4377340379292235
3206,2025-01-13,Organic,Northeast,30.08447951267282,13.837618479619355,0.4599587130563579
3212,2025-06-28,Email,Northeast,31.291755545990558,13.494278235111471,0.43124068942947197
3212,2025-04-21,Email,Northeast,40.9644109639784,17.99108528097317,0.4391881845144418
3216,2025-06-11,Paid Search,Midwest,49.038402734140966,23.570778038557904,0.48065957952067884
3216,2025-06-29,Paid Search,Midwest,46.544067827227934,18.99853095382887,0.40818372438678147
3216,2025-06-27,Paid Search,Midwest,151.9670992556811,65.11408558586608,0.4284748863720374
3216,2025-01-05,Paid Search,Midwest,45.657721802145055,20.672834418541324,0.45277849184253627
3221,2025-02-25,Paid Social,West,32.25521690388316,16.111539194837466,0.4995018090514784
3225,2025-01-27,Paid Search,West,21.044762240661345,10.813274808958667,0.5138226170151711
3225,2025-06-19,Paid Search,West,72.2767549701703,34.105516047760595,0.47187392491315433
3250,2025-04-11,Email,West,47.75102979447244,23.450264067813055,0.49109441552876437
3250,2025-06-05,Email,West,40.06589019009237,19.01400084717424,0.4745682863144293
3253,2025-04-08,Email,South,99.80668660207652,37.163220343533276,0.37235200975763155
3255,2025-01-20,Paid Social,South,45.7902651319677,18.597938730577283,0.4061548601428264
3260,2025-05-22,Organic,South,49.8608578175028,23.589247780472082,0.4731015231789992
3260,2025-05-29,Organic,South,39.23466910116537,17.01879416636058,0.4337692799824091
3260,2025-04-08,Organic,South,88.01916417143866,40.28961068817039,0.4577368016094382
3261,2025-05-10,Paid Search,South,117.90926709279312,52.46970220873653,0.44500066451471987
3261,2025-04-20,Paid Search,South,65.69617123221359,31.53107016380485,0.47995293443134235
3261,2025-01-27,Paid Search,South,33.20888801251591,13.09291289881472,0.3942592987118451
3264,2025-02-17,Paid Search,Northeast,24.84608815603216,11.293588693969664,0.4545419231810861
3264,2025-04-01,Paid Search,Northeast,52.07188880082952,24.961788083457694,0.47937166594694464
3269,2025-04-13,Email,South,33.20404072482708,16.005158933141967,0.48202443388688854
3272,2025-01-06,Paid Search,West,45.53727730999487,16.481673369923982,0.3619380503960534
3274,2025-01-23,Paid Social,Northeast,29.672086094635745,12.7537987435824,0.4298248091794291
3284,2025-03-19,Organic,Midwest,20.33509052946242,11.169408801882232,0.549267719546145
3287,2025-03-20,Paid Social,South,46.404020892075565,21.96055277916595,0.47324676519392234
3292,2025-05-25,Organic,Northeast,52.36775236871685,27.711719590763767,0.5291752717521258
3297,2025-01-03,Email,Northeast,34.12412839763411,20.031417351111088,0.5870162343106148
3304,2025-05-06,Paid Social,West,49.88028336612962,21.333310276206525,0.4276902382373505
3304,2025-01-01,Paid Social,West,38.98589230188979,16.435305203126237,0.42157057932285824
3309,2025-06-24,Paid Social,West,14.26307496793175,6.309497106257194,0.4423658376922993
3309,2025-04-02,Paid Social,West,100.83737466849642,43.22919919876257,0.42870214879035545
3326,2025-01-26,Organic,Northeast,33.42530125526115,13.484588785634882,0.40342459990580953
3330,2025-06-10,Email,Midwest,32.01022766526669,16.83811214759163,0.52602288005162
3334,2025-04-11,Paid Search,South,38.21199824060872,18.482947692934207,0.4836948744881909
3334,2025-05-29,Paid Search,South,84.55979957435984,34.12833645232814,0.40360001589545524
3334,2025-05-21,Paid Search,South,31.39120868275694,13.73673766821599,0.4375982399098103
3335,2025-02-13,Organic,South,64.0774312254124,30.08032329310766,0.4694370969287255
3336,2025-02-20,Email,Northeast,37.36020449261442,18.843910701202876,0.5043845706178629
3336,2025-04-19,Email,Northeast,32.77754484317569,15.59568315191548,0.47580388423028924
3336,2025-05-22,Email,Northeast,57.754746345545236,33.13861887092065,0.5737817403378954
3336,2025-03-20,Email,Northeast,455.74765528464235,194.38415627946742,0.4265170737040053
3340,2025-05-30,Email,South,88.1673234681943,41.248956730579344,0.46784857595750423
3343,2025-03-31,Email,Midwest,34.35417122120669,17.361435279276176,0.5053661509540079
3343,2025-03-06,Email,Midwest,15.368283369898554,7.195900458977253,0.4682305945159542
3344,2025-03-06,Paid Search,South,76.30712192124581,35.63660902141648,0.46701550424344285
3344,2025-06-30,Paid Search,South,71.71566790542352,31.452175184310562,0.43856769521813216
3344,2025-02-13,Paid Search,South,48.21784137960822,18.959523116575618,0.39320555574671123
3344,2025-01-16,Paid Search,South,12.217956568213966,5.20331085963798,0.4258740674504301
3353,2025-03-01,Organic,South,25.985215194870076,11.697411802910718,0.4501564337716159
3353,2025-05-27,Organic,South,27.332127853062648,11.269564853684834,0.4123193376772546
3355,2025-03-13,Paid Search,Northeast,61.650988173076556,23.076745732347412,0.37431266580127903
3355,2025-04-08,Paid Search,Northeast,53.219856332061866,26.283979971309655,0.4938754401611394
3355,2025-01-15,Paid Search,Northeast,38.578230050583606,17.641335542570364,0.4572873229134442
3360,2025-04-17,Email,West,25.60942637450685,11.676782300322435,0.4559564173583443
3360,2025-05-10,Email,West,74.52537463064522,32.909831411373915,0.4415922975829124
3360,2025-01-07,Email,West,51.61762559920722,24.02269952734503,0.46539722136529244
3361,2025-05-19,Organic,Midwest,60.86620887024845,27.344196386232944,0.4492508551752244
3361,2025-03-15,Organic,Midwest,85.1723149344705,36.46224323278148,0.4280997089351703
3361,2025-02-09,Organic,Midwest,30.913719240234535,14.10980922125044,0.4564254825374222
3361,2025-05-08,Organic,Midwest,72.34621020587481,36.18695164788481,0.5001913928166797
3361,2025-02-05,Organic,Midwest,15.880105521177613,7.258648920326156,0.4570907233989135
3370,2025-04-29,Email,West,42.96125443247876,21.436377278988775,0.4989700036035924
3370,2025-03-04,Email,West,33.375481941821825,11.978724932934632,0.35890792390100135
3371,2025-01-23,Paid Search,Midwest,40.404351634846456,20.74373429448323,0.5134034690608161
3371,2025-04-23,Paid Search,Midwest,45.371795273949985,20.14975034414168,0.44410299884498
3371,2025-05-28,Paid Search,Midwest,38.055897431399174,17.02637537348969,0.4474043846734136
3371,2025-04-12,Paid Search,Midwest,32.10902722792373,16.701202406172946,0.5201404043673016
3381,2025-03-12,Paid Social,South,51.26102649174096,21.475154760933638,0.4189372751712972
3382,2025-01-13,Paid Social,Northeast,76.85214676638257,36.31570014828358,0.4725398271394698
3385,2025-04-19,Paid Search,Midwest,39.70400159883716,17.677141042381272,0.44522315964492093
3390,2025-01-01,Email,South,35.528003473895986,15.93393203805647,0.44848937401629796
3390,2025-02-09,Email,South,58.77691696553974,27.43177244881056,0.46670995800772447
3390,2025-01-07,Email,South,21.258995318015693,10.212383651783645,0.4803794111158808
3392,2025-02-23,Organic,Northeast,44.68425278955206,22.523874324742224,0.5040673821004049
3393,2025-04-28,Organic,West,38.161884390025364,17.03924843456153,0.44649913668873215
3393,2025-01-24,Organic,West,59.34644747776343,28.482128803015925,0.47992980226302373
3393,2025-03-21,Organic,West,36.222807714249036,19.124283382611946,0.527962479702781
3397,2025-02-17,Organic,Northeast,64.08152934138437,30.30898670337481,0.4729753957947602
3397,2025-05-02,Organic,Northeast,69.23974913410157,32.5927080391846,0.47072250328434856
3397,2025-01-23,Organic,Northeast,64.83960246770313,31.825219423891117,0.4908299590476883
3403,2025-03-29,Organic,Midwest,42.559874371868865,21.969537778141895,0.5162030692614843
3403,2025-02-04,Organic,Midwest,22.083489630823415,10.84214946949084,0.4909617841537925
3404,2025-05-19,Paid Social,South,32.88328487801286,12.777411125135698,0.38856857435429787
3414,2025-04-29,Paid Social,West,16.748765172597217,7.826602170869139,0.4672942805165304
3414,2025-03-29,Paid Social,West,185.33449625724393,71.85713545643469,0.38771592395134646
3414,2025-05-02,Paid Social,West,35.6234566171376,17.535414069960698,0.4922434748099326
3416,2025-01-31,Email,South,55.46061578351926,29.01216413767109,0.5231129104464862
3417,2025-02-05,Paid Social,South,33.956547323789145,14.1456277746534,0.4165802735999402
3421,2025-02-14,Organic,Northeast,155.30163665946648,73.91820493178041,0.4759653956117834
3423,2025-05-13,Organic,South,50.93095895456739,26.548916307841115,0.5212726571970477
3431,2025-06-25,Email,South,43.500098199358334,18.654064464490386,0.4288281000884166
3431,2025-01-26,Email,South,48.03445886792228,26.116124495376617,0.5436956116688374
3443,2025-06-16,Paid Search,Northeast,26.113537197211336,12.518538617460388,0.47938885195519365
3443,2025-03-30,Paid Search,Northeast,106.57102266815212,52.41508535092934,0.4918324328569398
3443,2025-04-01,Paid Search,Northeast,75.63992240692484,34.7887780515503,0.4599261467296982
3443,2025-06-06,Paid Search,Northeast,72.75544616898905,29.418315894540914,0.404345206353501
3444,2025-01-30,Organic,Midwest,48.91192368052311,24.87126078046201,0.5084907504949724
3444,2025-01-28,Organic,Midwest,136.6275138706502,52.99370118023816,0.3878699075971554
3445,2025-03-02,Organic,South,30.836829451797737,15.780230689884041,0.5117332414005383
3445,2025-01-02,Organic,South,87.06886116490077,38.322771832019086,0.4401432535041331
3448,2025-05-20,Email,South,107.4047775060332,51.648175165576106,0.4808740948481076
3448,2025-02-07,Email,South,41.06478229841365,22.154410226341536,0.5394990302237003
3449,2025-03-14,Email,Midwest,52.53869965050242,25.186894811813698,0.47939699648757556
3450,2025-03-23,Paid Search,Northeast,51.83108078037318,24.063211037976345,0.46426218932112906
3450,2025-04-17,Paid Search,Northeast,73.90124872139513,30.053881091352242,0.40667622822794536
3450,2025-02-05,Paid Search,Northeast,88.40376116838296,37.685315571075456,0.42628633751561884
3450,2025-04-27,Paid Search,Northeast,95.52533628029398,45.15014414484937,0.47265098352931356
3475,2025-05-10,Organic,South,51.45515127920593,28.259026478015816,0.5491972285666151
3476,2025-06-09,Organic,South,41.48645512847211,19.649225914437128,0.47362990772744734
3476,2025-01-09,Organic,South,52.49422031301234,23.821088863512447,0.4537849828318651
3479,2025-05-01,Paid Social,West,83.76705021509014,38.66407817048213,0.4615666669794829
3479,2025-03-31,Paid Social,West,41.97513369374729,16.988143818084527,0.40471923072433524
3488,2025-06-29,Paid Search,West,76.35479935954775,30.754563648978294,0.40278494484882177
3497,2025-03-02,Organic,Northeast,40.529982721489404,18.915623287423802,0.46670691713358536
3497,2025-03-13,Organic,Northeast,90.93103205999444,40.90362270237383,0.4498312817497382
3497,2025-05-19,Organic,Northeast,39.545488122203345,20.492179969663656,0.5181926167237786
3503,2025-06-27,Organic,Northeast,30.15034283384157,14.202611146897658,0.47105968994011765
3503,2025-03-22,Organic,Northeast,86.79158798740802,43.40922520816987,0.5001547524913107
3503,2025-06-26,Organic,Northeast,39.14356728591507,19.600377877919485,0.5007304963993979
3503,2025-01-27,Organic,Northeast,17.794304425366285,8.120668248908773,0.4563633427183886
3503,2025-04-10,Organic,Northeast,16.08386484831512,7.739309738063826,0.48118470349336245
3506,2025-02-27,Email,West,66.88084082509889,32.43287129015987,0.4849351606534908
3507,2025-04-07,Organic,South,33.483228130722615,16.277159488143536,0.48612873957658786
3507,2025-02-20,Organic,South,43.554477752899025,22.306178114842066,0.5121443136430983
3516,2025-01-13,Organic,West,17.764814964194468,9.207395771311958,0.5182939304388899
3516,2025-05-27,Organic,West,29.777120358821158,13.811951984181093,0.4638444489508687
3516,2025-01-06,Organic,West,38.89992608283362,15.632144506398713,0.4018553781596288
3517,2025-05-10,Paid Search,South,40.01298423207867,16.869331426626964,0.4215964330174281
3517,2025-01-26,Paid Search,South,29.72069386592293,13.13200694043534,0.44184725295031557
3518,2025-06-21,Paid Social,Northeast,44.70266530646007,17.44850198528819,0.3903235269232744
3525,2025-06-25,Paid Search,South,47.914773208387466,21.51333363827906,0.4489916616053848
3525,2025-02-08,Paid Search,South,44.27955938693878,20.509368826621564,0.46317915332895676
3528,2025-03-01,Organic,South,27.807178207497447,13.447254441686466,0.48358932148177414
3528,2025-06-21,Organic,South,30.931845869204015,15.751063795164717,0.5092183590261129
3531,2025-03-24,Paid Search,Northeast,65.10880757899031,26.78528310346453,0.4113926225874817
3536,2025-01-27,Paid Search,Midwest,70.69076635951302,30.88525606172826,0.43690651059934305
3542,2025-03-18,Organic,Northeast,74.14350267995049,35.010041779802656,0.4721929840693903
3546,2025-01-27,Paid Search,Northeast,15.988706471849055,7.806354617606306,0.48824178687317665
3551,2025-06-08,Organic,West,27.19957456091273,13.214246467312018,0.4858254836934696
3553,2025-05-14,Email,Midwest,86.38071362108779,32.75920783104791,0.37924215322817767
3553,2025-06-22,Email,Midwest,98.66554243474344,50.543047849260944,0.5122664569820785
3554,2025-05-24,Paid Social,South,81.74285882381463,33.25918029319061,0.4068756680614285
3563,2025-03-27,Paid Search,Northeast,54.3305279032108,28.65283177619202,0.5273799626470905
3563,2025-02-19,Paid Search,Northeast,58.11738805932373,26.713968910440343,0.45965535965194915
3564,2025-02-01,Paid Social,Midwest,23.908563328921286,11.168363805453824,0.467128185487577
3564,2025-05-25,Paid Social,Midwest,79.14797564629961,36.19289229046114,0.45728133909832036
3576,2025-06-02,Paid Social,Northeast,107.33533698298451,41.473850405504386,0.38639511992289255
3576,2025-06-14,Paid Social,Northeast,122.26664137043768,56.68867635306714,0.46364793959878614
3580,2025-01-17,Paid Social,Midwest,42.7087445842046,19.545415253575744,0.4576443406113234
3583,2025-06-04,Paid Social,Northeast,17.694404228426794,8.10356650275826,0.4579734021075174
3591,2025-06-09,Organic,Northeast,41.05826029455241,19.56898631905638,0.47661508740673025
3601,2025-04-30,Paid Search,Midwest,19.339263643394972,7.099048651558107,0.3670795735794562
3601,2025-02-14,Paid Search,Midwest,73.30712289207318,32.24732078577633,0.43989341708653096
3606,2025-02-14,Paid Search,Midwest,45.637415225817584,20.337803040516206,0.4456388018445639
3606,2025-04-27,Paid Search,Midwest,54.420419962763525,28.372156719744932,0.5213513004706362
3620,2025-04-21,Paid Search,South,170.1076708533604,73.9980750870334,0.4350072793061913
3631,2025-04-15,Organic,South,35.81446272491297,16.372318429712745,0.45714265087450173
3633,2025-06-22,Paid Social,South,33.17811748502925,14.816851472706594,0.4465850565328882
3634,2025-04-23,Paid Social,West,49.264028609367294,21.446494373027,0.4353378109428319
3634,2025-04-15,Paid Social,West,110.00626013402184,43.040764592734526,0.3912574115354661
3634,2025-01-15,Paid Social,West,79.36528607092879,38.75457728004063,0.48830640193756303
3635,2025-04-20,Paid Search,Midwest,112.937185804323,38.51128544381215,0.3409973886770784
3646,2025-03-06,Paid Search,Midwest,81.18207352801319,40.74376642999766,0.5018813225550142
3646,2025-03-06,Paid Search,Midwest,58.60786590273538,29.381363867700607,0.501321169353981
3647,2025-01-20,Paid Social,South,84.86904270395374,38.01438903956487,0.44791820230810636
3647,2025-02-12,Paid Social,South,17.753582939237486,7.757456729659549,0.4369516145675962
3649,2025-05-12,Email,South,66.59879797594567,30.37005453621484,0.4560150552144196
3649,2025-01-07,Email,South,54.75603264710352,27.94481797605892,0.5103514010257123
3650,2025-06-05,Organic,Midwest,74.08509168205681,40.25418488361536,0.5433506791942704
3658,2025-04-25,Paid Social,Midwest,47.658270733910385,20.17854488867448,0.4234006936872932
3666,2025-06-17,Paid Social,South,42.703278694769836,15.113289700734393,0.35391403570577407
3667,2025-03-23,Organic,Midwest,19.372341263443644,7.202865446994936,0.371811819183003
3692,2025-05-06,Paid Social,West,42.619593200198835,19.32636236261786,0.45346191531757035
3693,2025-04-17,Organic,South,95.62771295844296,52.75582223728214,0.5516792214847624
3694,2025-01-27,Paid Search,Midwest,68.47983460707384,22.50216614719069,0.3285955095584629
3697,2025-01-23,Organic,South,17.61858548745834,9.430576949508676,0.5352630014606884
3699,2025-04-14,Organic,South,33.01797294499923,15.011694340933445,0.45465220914499105
3699,2025-02-02,Organic,South,30.713241171616506,16.660752746025263,0.5424615608925775
3699,2025-01-29,Organic,South,69.6755371380192,32.761569577966306,0.470201894720516
3699,2025-02-02,Organic,South,46.41031912414663,22.844148855569305,0.4922213267799707
3700,2025-04-09,Paid Search,South,49.79734639875491,24.44726720578438,0.4909351395960255
3700,2025-04-15,Paid Search,South,30.05593164012221,12.945575689779885,0.43071616760328935
3702,2025-02-03,Email,West,68.0242203946408,30.194703211494843,0.4438816503345578
3703,2025-04-19,Paid Social,Midwest,25.74650602735013,9.90037814657211,0.38453288131815194
3703,2025-03-08,Paid Social,Midwest,40.695750617812074,18.948982737258635,0.46562558619977584
3709,2025-05-22,Paid Search,South,31.520108730818908,12.697583221440492,0.4028407176471882
3709,2025-04-25,Paid Search,South,75.70246731077471,35.349347834003865,0.46695106632241307
3709,2025-05-30,Paid Search,South,27.98033247777684,14.06389390862672,0.5026349819036946
3711,2025-03-30,Paid Search,Northeast,68.15157816519483,30.534962372906573,0.4480448317556474
3711,2025-03-21,Paid Search,Northeast,56.7186919511588,26.180048126330703,0.4615770784854256
3711,2025-04-28,Paid Search,Northeast,14.779129767199594,6.987384396521407,0.47278726870840676
3721,2025-03-14,Paid Social,Midwest,32.853784342532386,15.965803310826375,0.48596542621597194
3723,2025-06-06,Organic,Northeast,16.274833924123698,6.619329555067036,0.4067217881256166
3726,2025-04-30,Organic,Northeast,45.00446767123873,22.07586997939748,0.49052618821454563
3726,2025-03-24,Organic,Northeast,20.069372142483886,9.340579606336158,0.4654146397815573
3730,2025-06-22,Email,South,56.395585770697146,29.101764696376136,0.5160291235328788
3730,2025-03-27,Email,South,59.9330555430328,35.38581438469566,0.5904223314509325
3733,2025-02-03,Paid Social,Northeast,135.50702314853453,54.90749016430487,0.4052003275440464
3733,2025-04-08,Paid Social,Northeast,53.88679148518563,23.363842983736156,0.4335727242205404
3741,2025-05-23,Organic,Midwest,12.33230685731074,6.059855793345869,0.4913805554354588
3741,2025-01-20,Organic,Midwest,27.014234361800046,10.940053222418298,0.40497365484798903
3742,2025-03-19,Organic,Northeast,25.213104139299336,13.256719251054243,0.5257868756584861
3759,2025-02-20,Paid Social,West,17.082889519840183,6.114513728398536,0.3579320536667464
3759,2025-01-16,Paid Social,West,33.23645991225954,14.305861061799355,0.43042673917635016
3761,2025-05-18,Paid Search,Midwest,72.16922204507226,28.038116721201884,0.3885051816644369
3764,2025-01-06,Paid Search,Midwest,32.625074459729724,14.659937076926116,0.44934570478977426
3767,2025-03-19,Email,South,35.131151594605576,15.882274139884117,0.4520852126670068
3767,2025-03-04,Email,South,84.48379523283405,39.24879655507432,0.4645718915314607
3769,2025-02-14,Paid Search,Northeast,56.15154937208491,24.846481185002457,0.44248968127947325
3769,2025-03-04,Paid Search,Northeast,81.14912404763002,36.11417547522218,0.44503469259908673
3769,2025-01-13,Paid Search,Northeast,68.38548780401233,26.07921196808265,0.3813559397693223
3769,2025-01-25,Paid Search,Northeast,56.15222155893646,25.16617132067322,0.4481776610433697
3770,2025-04-26,Paid Search,Midwest,11.970169201949972,5.013315620204921,0.41881743988950787
3770,2025-02-11,Paid Search,Midwest,74.51439107809571,28.241383036849392,0.37900575483802407
3779,2025-03-09,Email,West,38.31305908278086,18.39421940506671,0.48010312529008353
3779,2025-02-21,Email,West,99.85969353133547,50.72570360667072,0.5079697504854974
3780,2025-04-24,Organic,South,35.211083879802615,15.415644056228265,0.43780657558998953
3788,2025-05-23,Paid Social,West,25.770637886489045,12.485829689956727,0.4844982784265019
3801,2025-03-07,Paid Search,Northeast,217.98460930477177,102.74302454461522,0.47133155350874645
3807,2025-01-11,Paid Social,Midwest,62.28660289452375,27.80011172118002,0.4463257013431408
3810,2025-03-22,Paid Search,Northeast,26.469203202805712,10.271387597470532,0.38805050226754745
3810,2025-04-09,Paid Search,Northeast,46.91580514174356,18.57699440210792,0.3959645229572955
3812,2025-02-11,Paid Social,Northeast,88.73865956258258,38.37220920662242,0.4324181748492671
3814,2025-03-08,Email,South,53.431920863017254,24.233132862884073,0.4535328783146361
3814,2025-05-30,Email,South,75.04128255496559,34.25596508004669,0.4564949307063772
3816,2025-04-24,Email,South,37.54706906092211,19.813472390929903,0.5276969118090548
3816,2025-03-04,Email,South,41.37490830330376,17.708212047763453,0.4279939889643082
3818,2025-05-04,Organic,West,37.025015298534164,17.97175605424362,0.48539496633118556
3819,2025-06-15,Organic,West,42.29315617992917,18.910919040647066,0.44713898769327404
3829,2025-04-24,Organic,Midwest,24.825765956788757,11.544478341445062,0.46502002643298723
3829,2025-03-23,Organic,Midwest,27.565049753451774,12.329796399567368,0.4472981732247153
3835,2025-06-17,Paid Social,Northeast,15.105725529075258,5.41864114768556,0.3587143919208545
3836,2025-05-07,Paid Social,South,52.90791443854001,24.213459793724113,0.4576528871091952
3843,2025-04-22,Paid Social,Northeast,106.51542983325713,47.58391762226133,0.4467326254679797
3845,2025-01-19,Paid Search,West,69.44169565887405,35.88222221387064,0.5167244531317144
3845,2025-01-20,Paid Search,West,12.982588942610597,5.483149696850223,0.4223463995577793
3847,2025-02-16,Organic,West,42.66464996317861,18.989174757882022,0.4450798207478669
3847,2025-03-21,Organic,West,31.29445215063822,13.510484264449516,0.43172138625133216
3847,2025-02-15,Organic,West,119.89653846845077,64.23409033709746,0.5357459953191211
3850,2025-04-22,Paid Search,Northeast,240.7553392441717,110.20781204663223,0.45775853774466263
3862,2025-01-15,Email,Northeast,51.198216748294946,21.11565044189751,0.41242941225293217
3862,2025-05-17,Email,Northeast,29.528726942217318,15.62039730829019,0.5289898659991893
3865,2025-05-06,Paid Search,South,55.8923088210931,23.82912479114287,0.4263399615037917
3865,2025-04-20,Paid Search,South,85.29308385823683,32.36624834842431,0.37947095924236146
3878,2025-01-30,Organic,South,86.83041438116875,32.13686669091908,0.37011071431542913
3880,2025-05-20,Paid Search,Northeast,73.33299280327157,30.638721758681058,0.417802691359873
3886,2025-04-14,Organic,West,34.885200540623934,15.904716121033402,0.45591585757153114
3890,2025-06-28,Paid Social,South,57.829227093636945,25.155832649312604,0.4350020554239873
3890,2025-01-27,Paid Social,South,25.547428952180375,11.06765183151742,0.4332197910104311
3906,2025-01-23,Paid Social,West,31.615126928916744,14.56112342697782,0.4605745679818702
3912,2025-03-14,Paid Search,South,35.60146188838862,14.614311964267102,0.41049752423322666
3912,2025-05-23,Paid Search,South,36.587400525203826,16.85569934186256,0.46069682732041156
3913,2025-05-30,Paid Search,South,52.39314463819367,20.55480743760443,0.3923186435849155
3913,2025-05-22,Paid Search,South,75.63877511570662,29.37311741049472,0.3883341231473129
3919,2025-02-20,Email,Northeast,67.62541457575082,35.50833766774402,0.5250738629922814
3919,2025-02-10,Email,Northeast,121.58848752172183,56.29477301460687,0.4629942699513372
3919,2025-05-13,Email,Northeast,26.461499158355878,14.379884228140316,0.5434266646075308
3920,2025-06-21,Organic,South,36.09153150991439,18.56539783309005,0.5143976178453417
3920,2025-06-14,Organic,South,30.858414361164446,15.717969044579668,0.5093576377780724
3920,2025-03-19,Organic,South,72.86334959092314,32.99899118378659,0.4528887481711025
3921,2025-05-03,Organic,Midwest,30.841695131293378,12.881221123062243,0.41765606813201306
3921,2025-02-23,Organic,Midwest,36.480478510005234,17.142782102411353,0.4699165910806167
3921,2025-05-27,Organic,Midwest,46.31174331329142,21.521714202878563,0.46471397237818624
3922,2025-06-12,Paid Social,Midwest,57.30752723123504,23.02526213298584,0.4017842549736833
3930,2025-01-23,Paid Search,Northeast,89.31904408161672,37.52937620248156,0.4201721658394427
3932,2025-03-12,Paid Search,West,28.166981178441638,12.66269781248137,0.4495582161347525
3932,2025-05-18,Paid Search,West,82.802745723106,38.048399128662766,0.4595064909549903
3934,2025-05-19,Paid Search,South,30.401380834496106,14.030630288572855,0.46151292814477873
3934,2025-05-27,Paid Search,South,40.125252114547514,19.720587573268947,0.49147572997103234
3936,2025-02-13,Paid Social,Northeast,41.12453063062039,17.115776124074443,0.416193835202837
3936,2025-06-08,Paid Social,Northeast,54.56487181983297,24.907340091896884,0.45647207188790073
3947,2025-04-01,Email,Midwest,62.37081265241719,27.50887683203229,0.44105368620631846
3947,2025-03-16,Email,Midwest,162.87318356066717,78.72127848933596,0.4833286657039756
3947,2025-03-05,Email,Midwest,67.77159623849631,35.69764800801788,0.5267346497549447
3947,2025-03-23,Email,Midwest,69.47245681488118,38.21849505162121,0.5501244205809447
3951,2025-03-01,Paid Search,West,31.863106857439895,14.098038145186536,0.4424564813551666
3951,2025-02-21,Paid Search,West,199.45974145609944,93.19152842167732,0.46721973938880557
3956,2025-06-30,Organic,South,41.70594061360633,20.909412200428058,0.5013533298325006
3956,2025-01-28,Organic,South,52.08222534055196,28.537414389898426,0.5479300126540252
3956,2025-02-22,Organic,South,23.235910597229466,11.48731672957773,0.4943777297433491
3956,2025-02-23,Organic,South,9.796558146697429,4.773586694283788,0.4872718175916751
3956,2025-06-30,Organic,South,11.152356096018124,4.756233953786532,0.4264779489497035
3956,2025-03-06,Organic,South,34.20525567850904,18.37807908709601,0.5372881658839009
3958,2025-04-17,Paid Social,West,21.641940756163194,9.419967013531812,0.435264430286789
3962,2025-04-30,Paid Social,South,27.4685060713094,12.649851929271524,0.46052202098039025
3967,2025-06-05,Paid Social,South,54.777276413195096,24.812616450182777,0.4529728032298765
3967,2025-06-04,Paid Social,South,45.96761636942472,18.351968529808,0.3992368971738718
3967,2025-01-30,Paid Social,South,37.0446465402719,15.795618586264585,0.4263940963532446
3967,2025-02-18,Paid Social,South,95.92539499148928,47.762754086780355,0.4979156363236031
3968,2025-05-08,Paid Search,Northeast,73.54101166606486,31.57057360813512,0.4292920765285475
3968,2025-05-22,Paid Search,Northeast,37.139844414167754,15.82897833537301,0.42619937118893053
3970,2025-04-01,Paid Social,West,49.088189032698466,21.629900889338767,0.4406335070729688
3970,2025-01-10,Paid Social,West,34.478830035698394,14.113703934003425,0.40934405022996717
3974,2025-02-03,Email,West,92.7051608847344,36.162240132291096,0.39007796100212444
3974,2025-05-02,Email,West,56.32553564774497,29.85935080780623,0.5301210270692147
3980,2025-05-27,Paid Social,Midwest,46.243021888945115,20.00671033074881,0.4326427969780155
3980,2025-05-29,Paid Social,Midwest,42.24494195504937,20.03612165213293,0.4742845113493662
3983,2025-03-06,Paid Search,Midwest,33.87973783416304,15.868345891715457,0.46837274743355367
3983,2025-06-13,Paid Search,Midwest,72.59427912493513,34.05047998491868,0.46905183707820325
3991,2025-06-12,Paid Search,Midwest,22.62853987168931,10.395278432064325,0.4593879450909652
3992,2025-02-27,Paid Search,Northeast,72.04206190423969,31.90839445769089,0.4429133982881336
3993,2025-01-20,Organic,South,20.994011991331334,9.02551456307512,0.42990899342164124
3993,2025-01-24,Organic,South,39.70694936852448,19.59353135993203,0.4934534551642926
3993,2025-04-01,Organic,South,67.29614290280769,29.624160280411367,0.44020591675210863
3994,2025-04-15,Paid Search,South,40.03937077006863,17.76675733334924,0.4437321813915905
